--
-- PostgreSQL database dump
--

-- Dumped from database version 15.3 (Debian 15.3-1.pgdg120+1)
-- Dumped by pg_dump version 15.3 (Debian 15.3-1.pgdg120+1)

SET statement_timeout = 0;
SET lock_timeout = 0;
SET idle_in_transaction_session_timeout = 0;
SET client_encoding = 'UTF8';
SET standard_conforming_strings = on;
SELECT pg_catalog.set_config('search_path', '', false);
SET check_function_bodies = false;
SET xmloption = content;
SET client_min_messages = warning;
SET row_security = off;

SET default_tablespace = '';

SET default_table_access_method = heap;

--
-- Name: answers_answer; Type: TABLE; Schema: public; Owner: postgres
--

CREATE TABLE public.answers_answer (
    id bigint NOT NULL,
    response character varying(50) NOT NULL,
    date timestamp with time zone NOT NULL,
    question_id bigint NOT NULL,
    suscriber_id bigint,
    block_id bigint
);


ALTER TABLE public.answers_answer OWNER TO postgres;

--
-- Name: answers_answer_id_seq; Type: SEQUENCE; Schema: public; Owner: postgres
--

ALTER TABLE public.answers_answer ALTER COLUMN id ADD GENERATED BY DEFAULT AS IDENTITY (
    SEQUENCE NAME public.answers_answer_id_seq
    START WITH 1
    INCREMENT BY 1
    NO MINVALUE
    NO MAXVALUE
    CACHE 1
);


--
-- Name: auth_group; Type: TABLE; Schema: public; Owner: postgres
--

CREATE TABLE public.auth_group (
    id integer NOT NULL,
    name character varying(150) NOT NULL
);


ALTER TABLE public.auth_group OWNER TO postgres;

--
-- Name: auth_group_id_seq; Type: SEQUENCE; Schema: public; Owner: postgres
--

ALTER TABLE public.auth_group ALTER COLUMN id ADD GENERATED BY DEFAULT AS IDENTITY (
    SEQUENCE NAME public.auth_group_id_seq
    START WITH 1
    INCREMENT BY 1
    NO MINVALUE
    NO MAXVALUE
    CACHE 1
);


--
-- Name: auth_group_permissions; Type: TABLE; Schema: public; Owner: postgres
--

CREATE TABLE public.auth_group_permissions (
    id bigint NOT NULL,
    group_id integer NOT NULL,
    permission_id integer NOT NULL
);


ALTER TABLE public.auth_group_permissions OWNER TO postgres;

--
-- Name: auth_group_permissions_id_seq; Type: SEQUENCE; Schema: public; Owner: postgres
--

ALTER TABLE public.auth_group_permissions ALTER COLUMN id ADD GENERATED BY DEFAULT AS IDENTITY (
    SEQUENCE NAME public.auth_group_permissions_id_seq
    START WITH 1
    INCREMENT BY 1
    NO MINVALUE
    NO MAXVALUE
    CACHE 1
);


--
-- Name: auth_permission; Type: TABLE; Schema: public; Owner: postgres
--

CREATE TABLE public.auth_permission (
    id integer NOT NULL,
    name character varying(255) NOT NULL,
    content_type_id integer NOT NULL,
    codename character varying(100) NOT NULL
);


ALTER TABLE public.auth_permission OWNER TO postgres;

--
-- Name: auth_permission_id_seq; Type: SEQUENCE; Schema: public; Owner: postgres
--

ALTER TABLE public.auth_permission ALTER COLUMN id ADD GENERATED BY DEFAULT AS IDENTITY (
    SEQUENCE NAME public.auth_permission_id_seq
    START WITH 1
    INCREMENT BY 1
    NO MINVALUE
    NO MAXVALUE
    CACHE 1
);


--
-- Name: contexts_context; Type: TABLE; Schema: public; Owner: postgres
--

CREATE TABLE public.contexts_context (
    id bigint NOT NULL,
    name character varying(50) NOT NULL
);


ALTER TABLE public.contexts_context OWNER TO postgres;

--
-- Name: contexts_context_id_seq; Type: SEQUENCE; Schema: public; Owner: postgres
--

ALTER TABLE public.contexts_context ALTER COLUMN id ADD GENERATED BY DEFAULT AS IDENTITY (
    SEQUENCE NAME public.contexts_context_id_seq
    START WITH 1
    INCREMENT BY 1
    NO MINVALUE
    NO MAXVALUE
    CACHE 1
);


--
-- Name: contexts_message; Type: TABLE; Schema: public; Owner: postgres
--

CREATE TABLE public.contexts_message (
    id bigint NOT NULL,
    text character varying(300) NOT NULL,
    context_id bigint
);


ALTER TABLE public.contexts_message OWNER TO postgres;

--
-- Name: contexts_message_id_seq; Type: SEQUENCE; Schema: public; Owner: postgres
--

ALTER TABLE public.contexts_message ALTER COLUMN id ADD GENERATED BY DEFAULT AS IDENTITY (
    SEQUENCE NAME public.contexts_message_id_seq
    START WITH 1
    INCREMENT BY 1
    NO MINVALUE
    NO MAXVALUE
    CACHE 1
);


--
-- Name: django_admin_log; Type: TABLE; Schema: public; Owner: postgres
--

CREATE TABLE public.django_admin_log (
    id integer NOT NULL,
    action_time timestamp with time zone NOT NULL,
    object_id text,
    object_repr character varying(200) NOT NULL,
    action_flag smallint NOT NULL,
    change_message text NOT NULL,
    content_type_id integer,
    user_id bigint NOT NULL,
    CONSTRAINT django_admin_log_action_flag_check CHECK ((action_flag >= 0))
);


ALTER TABLE public.django_admin_log OWNER TO postgres;

--
-- Name: django_admin_log_id_seq; Type: SEQUENCE; Schema: public; Owner: postgres
--

ALTER TABLE public.django_admin_log ALTER COLUMN id ADD GENERATED BY DEFAULT AS IDENTITY (
    SEQUENCE NAME public.django_admin_log_id_seq
    START WITH 1
    INCREMENT BY 1
    NO MINVALUE
    NO MAXVALUE
    CACHE 1
);


--
-- Name: django_content_type; Type: TABLE; Schema: public; Owner: postgres
--

CREATE TABLE public.django_content_type (
    id integer NOT NULL,
    app_label character varying(100) NOT NULL,
    model character varying(100) NOT NULL
);


ALTER TABLE public.django_content_type OWNER TO postgres;

--
-- Name: django_content_type_id_seq; Type: SEQUENCE; Schema: public; Owner: postgres
--

ALTER TABLE public.django_content_type ALTER COLUMN id ADD GENERATED BY DEFAULT AS IDENTITY (
    SEQUENCE NAME public.django_content_type_id_seq
    START WITH 1
    INCREMENT BY 1
    NO MINVALUE
    NO MAXVALUE
    CACHE 1
);


--
-- Name: django_migrations; Type: TABLE; Schema: public; Owner: postgres
--

CREATE TABLE public.django_migrations (
    id bigint NOT NULL,
    app character varying(255) NOT NULL,
    name character varying(255) NOT NULL,
    applied timestamp with time zone NOT NULL
);


ALTER TABLE public.django_migrations OWNER TO postgres;

--
-- Name: django_migrations_id_seq; Type: SEQUENCE; Schema: public; Owner: postgres
--

ALTER TABLE public.django_migrations ALTER COLUMN id ADD GENERATED BY DEFAULT AS IDENTITY (
    SEQUENCE NAME public.django_migrations_id_seq
    START WITH 1
    INCREMENT BY 1
    NO MINVALUE
    NO MAXVALUE
    CACHE 1
);


--
-- Name: django_session; Type: TABLE; Schema: public; Owner: postgres
--

CREATE TABLE public.django_session (
    session_key character varying(40) NOT NULL,
    session_data text NOT NULL,
    expire_date timestamp with time zone NOT NULL
);


ALTER TABLE public.django_session OWNER TO postgres;

--
-- Name: questions_posibleanswers; Type: TABLE; Schema: public; Owner: postgres
--

CREATE TABLE public.questions_posibleanswers (
    id bigint NOT NULL,
    texto character varying(300) NOT NULL,
    question_id bigint
);


ALTER TABLE public.questions_posibleanswers OWNER TO postgres;

--
-- Name: questions_posibleanswers_id_seq; Type: SEQUENCE; Schema: public; Owner: postgres
--

ALTER TABLE public.questions_posibleanswers ALTER COLUMN id ADD GENERATED BY DEFAULT AS IDENTITY (
    SEQUENCE NAME public.questions_posibleanswers_id_seq
    START WITH 1
    INCREMENT BY 1
    NO MINVALUE
    NO MAXVALUE
    CACHE 1
);


--
-- Name: questions_question; Type: TABLE; Schema: public; Owner: postgres
--

CREATE TABLE public.questions_question (
    id bigint NOT NULL,
    title character varying(300) NOT NULL,
    "create" timestamp with time zone NOT NULL,
    creator_id bigint NOT NULL
);


ALTER TABLE public.questions_question OWNER TO postgres;

--
-- Name: questions_question_id_seq; Type: SEQUENCE; Schema: public; Owner: postgres
--

ALTER TABLE public.questions_question ALTER COLUMN id ADD GENERATED BY DEFAULT AS IDENTITY (
    SEQUENCE NAME public.questions_question_id_seq
    START WITH 1
    INCREMENT BY 1
    NO MINVALUE
    NO MAXVALUE
    CACHE 1
);


--
-- Name: questions_questionblock; Type: TABLE; Schema: public; Owner: postgres
--

CREATE TABLE public.questions_questionblock (
    id bigint NOT NULL,
    block character varying(50) NOT NULL,
    active boolean NOT NULL,
    frecuency character varying(1) NOT NULL,
    importance integer NOT NULL,
    "time" time without time zone,
    days character varying(5),
    "create" timestamp with time zone NOT NULL,
    creator_id bigint NOT NULL,
    duration integer,
    operating boolean NOT NULL
);


ALTER TABLE public.questions_questionblock OWNER TO postgres;

--
-- Name: questions_questionblock_context; Type: TABLE; Schema: public; Owner: postgres
--

CREATE TABLE public.questions_questionblock_context (
    id bigint NOT NULL,
    questionblock_id bigint NOT NULL,
    context_id bigint NOT NULL
);


ALTER TABLE public.questions_questionblock_context OWNER TO postgres;

--
-- Name: questions_questionblock_context_id_seq; Type: SEQUENCE; Schema: public; Owner: postgres
--

ALTER TABLE public.questions_questionblock_context ALTER COLUMN id ADD GENERATED BY DEFAULT AS IDENTITY (
    SEQUENCE NAME public.questions_questionblock_context_id_seq
    START WITH 1
    INCREMENT BY 1
    NO MINVALUE
    NO MAXVALUE
    CACHE 1
);


--
-- Name: questions_questionblock_id_seq; Type: SEQUENCE; Schema: public; Owner: postgres
--

ALTER TABLE public.questions_questionblock ALTER COLUMN id ADD GENERATED BY DEFAULT AS IDENTITY (
    SEQUENCE NAME public.questions_questionblock_id_seq
    START WITH 1
    INCREMENT BY 1
    NO MINVALUE
    NO MAXVALUE
    CACHE 1
);


--
-- Name: questions_questionblock_question; Type: TABLE; Schema: public; Owner: postgres
--

CREATE TABLE public.questions_questionblock_question (
    id bigint NOT NULL,
    questionblock_id bigint NOT NULL,
    question_id bigint NOT NULL
);


ALTER TABLE public.questions_questionblock_question OWNER TO postgres;

--
-- Name: questions_questionblock_question_id_seq; Type: SEQUENCE; Schema: public; Owner: postgres
--

ALTER TABLE public.questions_questionblock_question ALTER COLUMN id ADD GENERATED BY DEFAULT AS IDENTITY (
    SEQUENCE NAME public.questions_questionblock_question_id_seq
    START WITH 1
    INCREMENT BY 1
    NO MINVALUE
    NO MAXVALUE
    CACHE 1
);


--
-- Name: usuarios_suscriber; Type: TABLE; Schema: public; Owner: postgres
--

CREATE TABLE public.usuarios_suscriber (
    id bigint NOT NULL,
    chatid character varying(20),
    name character varying(50),
    surname character varying(50),
    username character varying(50),
    gender character varying(1) NOT NULL
);


ALTER TABLE public.usuarios_suscriber OWNER TO postgres;

--
-- Name: usuarios_suscriber_id_seq; Type: SEQUENCE; Schema: public; Owner: postgres
--

ALTER TABLE public.usuarios_suscriber ALTER COLUMN id ADD GENERATED BY DEFAULT AS IDENTITY (
    SEQUENCE NAME public.usuarios_suscriber_id_seq
    START WITH 1
    INCREMENT BY 1
    NO MINVALUE
    NO MAXVALUE
    CACHE 1
);


--
-- Name: usuarios_user; Type: TABLE; Schema: public; Owner: postgres
--

CREATE TABLE public.usuarios_user (
    id bigint NOT NULL,
    password character varying(128) NOT NULL,
    last_login timestamp with time zone,
    username character varying(20) NOT NULL,
    email character varying(254) NOT NULL,
    is_staff boolean NOT NULL,
    is_superuser boolean NOT NULL
);


ALTER TABLE public.usuarios_user OWNER TO postgres;

--
-- Name: usuarios_user_groups; Type: TABLE; Schema: public; Owner: postgres
--

CREATE TABLE public.usuarios_user_groups (
    id bigint NOT NULL,
    user_id bigint NOT NULL,
    group_id integer NOT NULL
);


ALTER TABLE public.usuarios_user_groups OWNER TO postgres;

--
-- Name: usuarios_user_groups_id_seq; Type: SEQUENCE; Schema: public; Owner: postgres
--

ALTER TABLE public.usuarios_user_groups ALTER COLUMN id ADD GENERATED BY DEFAULT AS IDENTITY (
    SEQUENCE NAME public.usuarios_user_groups_id_seq
    START WITH 1
    INCREMENT BY 1
    NO MINVALUE
    NO MAXVALUE
    CACHE 1
);


--
-- Name: usuarios_user_id_seq; Type: SEQUENCE; Schema: public; Owner: postgres
--

ALTER TABLE public.usuarios_user ALTER COLUMN id ADD GENERATED BY DEFAULT AS IDENTITY (
    SEQUENCE NAME public.usuarios_user_id_seq
    START WITH 1
    INCREMENT BY 1
    NO MINVALUE
    NO MAXVALUE
    CACHE 1
);


--
-- Name: usuarios_user_user_permissions; Type: TABLE; Schema: public; Owner: postgres
--

CREATE TABLE public.usuarios_user_user_permissions (
    id bigint NOT NULL,
    user_id bigint NOT NULL,
    permission_id integer NOT NULL
);


ALTER TABLE public.usuarios_user_user_permissions OWNER TO postgres;

--
-- Name: usuarios_user_user_permissions_id_seq; Type: SEQUENCE; Schema: public; Owner: postgres
--

ALTER TABLE public.usuarios_user_user_permissions ALTER COLUMN id ADD GENERATED BY DEFAULT AS IDENTITY (
    SEQUENCE NAME public.usuarios_user_user_permissions_id_seq
    START WITH 1
    INCREMENT BY 1
    NO MINVALUE
    NO MAXVALUE
    CACHE 1
);


--
-- Data for Name: answers_answer; Type: TABLE DATA; Schema: public; Owner: postgres
--

COPY public.answers_answer (id, response, date, question_id, suscriber_id, block_id) FROM stdin;
1002	Mas de la mitad de los dias	2023-10-26 15:34:15.025882+00	36	34	161
1003	Casi todos los dias	2023-10-26 15:34:18.898905+00	37	34	161
1004	Varios dias	2023-10-26 15:34:19.697489+00	38	34	161
1005	Mas de la mitad de los dias	2023-10-26 15:34:20.333221+00	39	34	161
1006	Ningun dia	2023-10-26 15:34:21.079742+00	40	34	161
1007	Varios dias	2023-10-26 15:34:21.855957+00	41	34	161
1008	Mas de la mitad de los dias	2023-10-26 15:34:22.497069+00	42	34	161
981	Raramente es verdad	2023-10-26 15:30:25.109752+00	66	1	160
982	Muy raramente es verdad	2023-10-26 15:30:26.018285+00	67	1	160
1035	Satisfecho	2023-10-27 10:21:26.224784+00	19	34	174
1015	Ligeramente de acuerdo	2023-10-27 10:19:09.053377+00	23	1	176
1016	Ni de acuerdo ni en desacuerdo	2023-10-27 10:19:09.977373+00	24	1	176
1017	Ligeramente en desacuerdo	2023-10-27 10:19:10.9005+00	25	1	176
1018	Totalmente en desacuerdo	2023-10-27 10:19:11.82427+00	26	1	176
983	A veces es verdad	2023-10-26 15:30:26.956526+00	68	1	160
984	Nunca es verdad	2023-10-26 15:30:27.792637+00	69	1	160
985	Raramente es verdad	2023-10-26 15:30:28.508565+00	70	1	160
986	Muy raramente es verdad	2023-10-26 15:30:29.22116+00	71	1	160
987	A veces es verdad	2023-10-26 15:30:30.079752+00	72	1	160
988	Raramente es verdad	2023-10-26 15:31:24.460404+00	66	34	160
989	Muy raramente es verdad	2023-10-26 15:31:25.201189+00	67	34	160
990	Nunca es verdad	2023-10-26 15:31:25.913916+00	68	34	160
991	A veces es verdad	2023-10-26 15:31:26.539326+00	69	34	160
992	Raramente es verdad	2023-10-26 15:31:27.328742+00	70	34	160
993	Muy raramente es verdad	2023-10-26 15:31:28.055922+00	71	34	160
994	Raramente es verdad	2023-10-26 15:31:28.846346+00	72	34	160
995	Mas de la mitad de los dias	2023-10-26 15:32:16.727835+00	36	1	161
996	Varios dias	2023-10-26 15:32:18.248753+00	37	1	161
997	Ningun dia	2023-10-26 15:32:19.138032+00	38	1	161
998	Mas de la mitad de los dias	2023-10-26 15:32:19.949588+00	39	1	161
1019	En desacuerdo	2023-10-27 10:19:12.642938+00	73	1	176
1020	Totalmente en desacuerdo	2023-10-27 10:20:55.045797+00	20	34	176
999	Casi todos los dias	2023-10-26 15:32:20.619858+00	40	1	161
1000	Mas de la mitad de los dias	2023-10-26 15:32:21.298328+00	41	1	161
1001	Casi todos los dias	2023-10-26 15:32:21.937856+00	42	1	161
1021	Ligeramente en desacuerdo	2023-10-27 10:21:09.477473+00	21	34	176
1022	Totalmente en desacuerdo	2023-10-27 10:21:10.216748+00	22	34	176
1023	Ni de acuerdo ni en desacuerdo	2023-10-27 10:21:10.938098+00	23	34	176
1025	Ligeramente de acuerdo	2023-10-27 10:21:12.592437+00	25	34	176
1012	Ligeramente en desacuerdo	2023-10-27 10:19:06.936692+00	20	1	176
1013	Ni de acuerdo ni en desacuerdo	2023-10-27 10:19:07.618442+00	21	1	176
1014	Totalmente en desacuerdo	2023-10-27 10:19:08.257488+00	22	1	176
1024	Ligeramente en desacuerdo	2023-10-27 10:21:11.631305+00	24	34	176
1026	Ni de acuerdo ni en desacuerdo	2023-10-27 10:21:15.419529+00	26	34	176
1027	Ligeramente en desacuerdo	2023-10-27 10:21:16.757609+00	73	34	176
978	Ni mal ni bien	2023-10-26 15:25:49.38253+00	50	1	172
979	Sin energía	2023-10-26 15:25:50.400928+00	51	1	172
980	Tranquilo/a	2023-10-26 15:25:51.208615+00	52	1	172
1009	Ni mal ni bien	2023-10-26 15:34:25.699769+00	50	34	172
1010	Poca energía	2023-10-26 15:34:26.364319+00	51	34	172
1011	Muy tranquilo/a	2023-10-26 15:34:27.120126+00	52	34	172
1028	Muy insatisfecho	2023-10-27 10:21:19.420527+00	12	34	174
1029	Insatisfecho	2023-10-27 10:21:20.446524+00	13	34	174
1030	Satisfecho	2023-10-27 10:21:21.161897+00	14	34	174
1031	Muy satisfecho	2023-10-27 10:21:22.186621+00	15	34	174
1032	Satisfecho	2023-10-27 10:21:23.447474+00	16	34	174
1033	Insatisfecho	2023-10-27 10:21:24.444086+00	17	34	174
1034	Satisfecho	2023-10-27 10:21:25.367965+00	18	34	174
\.


--
-- Data for Name: auth_group; Type: TABLE DATA; Schema: public; Owner: postgres
--

COPY public.auth_group (id, name) FROM stdin;
\.


--
-- Data for Name: auth_group_permissions; Type: TABLE DATA; Schema: public; Owner: postgres
--

COPY public.auth_group_permissions (id, group_id, permission_id) FROM stdin;
\.


--
-- Data for Name: auth_permission; Type: TABLE DATA; Schema: public; Owner: postgres
--

COPY public.auth_permission (id, name, content_type_id, codename) FROM stdin;
1	Can add log entry	1	add_logentry
2	Can change log entry	1	change_logentry
3	Can delete log entry	1	delete_logentry
4	Can view log entry	1	view_logentry
5	Can add permission	2	add_permission
6	Can change permission	2	change_permission
7	Can delete permission	2	delete_permission
8	Can view permission	2	view_permission
9	Can add group	3	add_group
10	Can change group	3	change_group
11	Can delete group	3	delete_group
12	Can view group	3	view_group
13	Can add content type	4	add_contenttype
14	Can change content type	4	change_contenttype
15	Can delete content type	4	delete_contenttype
16	Can view content type	4	view_contenttype
17	Can add session	5	add_session
18	Can change session	5	change_session
19	Can delete session	5	delete_session
20	Can view session	5	view_session
21	Can add user	6	add_user
22	Can change user	6	change_user
23	Can delete user	6	delete_user
24	Can view user	6	view_user
25	Can add suscriber	7	add_suscriber
26	Can change suscriber	7	change_suscriber
27	Can delete suscriber	7	delete_suscriber
28	Can view suscriber	7	view_suscriber
29	Can add Question	8	add_question
30	Can change Question	8	change_question
31	Can delete Question	8	delete_question
32	Can view Question	8	view_question
33	Can add Block	9	add_questionblock
34	Can change Block	9	change_questionblock
35	Can delete Block	9	delete_questionblock
36	Can view Block	9	view_questionblock
37	Can add posible answers	10	add_posibleanswers
38	Can change posible answers	10	change_posibleanswers
39	Can delete posible answers	10	delete_posibleanswers
40	Can view posible answers	10	view_posibleanswers
41	Can add Answer	11	add_answer
42	Can change Answer	11	change_answer
43	Can delete Answer	11	delete_answer
44	Can view Answer	11	view_answer
45	Can add Context	12	add_context
46	Can change Context	12	change_context
47	Can delete Context	12	delete_context
48	Can view Context	12	view_context
49	Can add message	13	add_message
50	Can change message	13	change_message
51	Can delete message	13	delete_message
52	Can view message	13	view_message
\.


--
-- Data for Name: contexts_context; Type: TABLE DATA; Schema: public; Owner: postgres
--

COPY public.contexts_context (id, name) FROM stdin;
2	PANAS
4	Flourishing scale
6	GAD-7
8	Diario
9	COVID-19
5	PHQ-9
3	Satisfacción
11	AAQ-II
10	Satisfacción semanal
7	BRS
\.


--
-- Data for Name: contexts_message; Type: TABLE DATA; Schema: public; Owner: postgres
--

COPY public.contexts_message (id, text, context_id) FROM stdin;
3	Valora la opción que refleje mejor cómo te sientes en general, es decir, normalmente.	2
7	Indica en que grado de acuerdo o desacuerdo estas con cada una de las siguientes afirmaciones:	4
8	Hablando sobre éxito autopercibido. Indica tu nivel de acuerdo con las siguientes afirmaciones:	4
151	Debajo encontrarás una lista de afirmaciones. Por favor, puntúa en qué grado cada afirmación es verdad para ti	11
11	Durante las últimas 2 semanas, ¿con qué frecuencia has tenido molestias debido a los siguientes problemas?	6
12	El siguiente cuestionario ayudará a medir tus niveles de ansiedad. Responde a las siguientes preguntas conforme te hayas sentido durante las ultimas 2 semanas:	6
152	Con el siguiente cuestionario buscamos medir la evitación experiencial e inflexibilidad psicológica de un individuo. Responde las siguientes afirmaciones puntuando que grado es verdad acorde a ti	11
16	Responda a las siguientes preguntas sobre tu situación personal.	8
17	Llegamos al cuestionario semanal donde evaluaremos información sobre tus experiencias en la última semana.	9
18	Por favor response en relación a la última semana:	9
153	A continuación aparecerán una lista de afirmaciones en la que debes responder acorde a tus experiencias con el objetivo de medir el grado de evitación experimental	11
154	Como consideras que estas de satisfecho con los siguientes ámbitos durante la ultima semana	10
155	Durante la última semana, ¿qué tan satisfecho/a estás con los siguientes ámbitos de tu vida?	10
156	Responde con tu nivel de satisfacción en los siguientes ámbitos de tu vida durante la última semana	10
163	A continuación hay seis afirmaciones con las cuales usted puede estar de acuerdo o en desacuerdo. Lee cada una de ellas y después selecciona la respuesta que mejor describa en qué grado estás de acuerdo o en desacuerdo.	7
164	Con el siguiente cuestionario evaluaremos tu nivel de resiliencia, tu capacidad para hacerte fuerte y recuperarte en situaciones difíciles. Indica si estas de acuerdo con las siguientes afirmaciones:	7
165	Te presentamos un cuestionario que ayudará a evaluar tu nivel de resiliencia frente a situaciones desafiantes. Selecciona la respuesta que mejor defina tu grado de acuerdo.	7
36	Hablemos sobre la satisfacción con la vida, aspecto importante en los últimos tiempos. Por favor valore las siguientes preguntas:	3
37	Valore las siguientes preguntas:	3
38	De acuerdo, ahora hablaremos sobre tu satisfacción con la vida. Valore las siguientes preguntas:	3
143	Durante las últimas 2 semanas, ¿con qué frecuencia has tenido molestias debido a los siguientes problemas?	5
144	Pasando a evaluar tu salud mental. Responde a las siguientes preguntas conforme te hayas sentido durante las ultimas 2 semanas:	5
\.


--
-- Data for Name: django_admin_log; Type: TABLE DATA; Schema: public; Owner: postgres
--

COPY public.django_admin_log (id, action_time, object_id, object_repr, action_flag, change_message, content_type_id, user_id) FROM stdin;
1	2023-07-12 17:09:54.28521+00	55	Answer object (55)	3		11	1
2	2023-07-12 17:09:54.31869+00	54	Answer object (54)	3		11	1
3	2023-07-12 17:09:54.322743+00	53	Answer object (53)	3		11	1
4	2023-07-12 17:09:54.326943+00	52	Answer object (52)	3		11	1
5	2023-07-12 17:09:54.331152+00	51	Answer object (51)	3		11	1
6	2023-07-12 17:09:54.335352+00	50	Answer object (50)	3		11	1
7	2023-07-12 17:09:54.339894+00	49	Answer object (49)	3		11	1
8	2023-07-12 17:09:54.343953+00	48	Answer object (48)	3		11	1
9	2023-07-12 17:09:54.348287+00	47	Answer object (47)	3		11	1
10	2023-07-12 17:09:54.352533+00	46	Answer object (46)	3		11	1
11	2023-07-12 17:09:54.356666+00	45	Answer object (45)	3		11	1
12	2023-07-12 17:09:54.361129+00	44	Answer object (44)	3		11	1
13	2023-07-12 17:09:54.365358+00	43	Answer object (43)	3		11	1
14	2023-07-12 17:09:54.369474+00	42	Answer object (42)	3		11	1
15	2023-07-12 17:09:54.373623+00	41	Answer object (41)	3		11	1
16	2023-07-12 17:09:54.377888+00	40	Answer object (40)	3		11	1
17	2023-07-12 17:09:54.382338+00	39	Answer object (39)	3		11	1
18	2023-07-12 17:09:54.386461+00	38	Answer object (38)	3		11	1
19	2023-07-12 17:09:54.390473+00	37	Answer object (37)	3		11	1
20	2023-07-12 17:09:54.394716+00	36	Answer object (36)	3		11	1
21	2023-07-12 17:09:54.398761+00	35	Answer object (35)	3		11	1
22	2023-07-12 17:09:54.40265+00	34	Answer object (34)	3		11	1
23	2023-07-12 17:09:54.406389+00	33	Answer object (33)	3		11	1
24	2023-07-12 17:09:54.410158+00	32	Answer object (32)	3		11	1
25	2023-07-12 17:09:54.413974+00	31	Answer object (31)	3		11	1
26	2023-07-12 17:09:54.417718+00	30	Answer object (30)	3		11	1
27	2023-07-12 17:09:54.421762+00	29	Answer object (29)	3		11	1
28	2023-07-12 17:09:54.425769+00	28	Answer object (28)	3		11	1
29	2023-07-12 17:09:54.429534+00	27	Answer object (27)	3		11	1
30	2023-07-12 17:09:54.433388+00	26	Answer object (26)	3		11	1
31	2023-07-12 17:09:54.437216+00	25	Answer object (25)	3		11	1
32	2023-07-12 17:09:54.441129+00	24	Answer object (24)	3		11	1
33	2023-07-12 17:09:54.444989+00	23	Answer object (23)	3		11	1
34	2023-07-12 17:09:54.448741+00	22	Answer object (22)	3		11	1
35	2023-07-12 17:09:54.452594+00	21	Answer object (21)	3		11	1
36	2023-07-12 17:09:54.456576+00	20	Answer object (20)	3		11	1
37	2023-07-12 17:09:54.460356+00	19	Answer object (19)	3		11	1
38	2023-07-12 17:09:54.464165+00	18	Answer object (18)	3		11	1
39	2023-07-12 17:09:54.470576+00	17	Answer object (17)	3		11	1
40	2023-07-12 17:09:54.474471+00	16	Answer object (16)	3		11	1
41	2023-07-12 17:09:54.478646+00	15	Answer object (15)	3		11	1
42	2023-07-12 17:09:54.483185+00	14	Answer object (14)	3		11	1
43	2023-07-12 17:09:54.488352+00	13	Answer object (13)	3		11	1
44	2023-07-12 17:09:54.493454+00	12	Answer object (12)	3		11	1
45	2023-07-12 17:09:54.49864+00	11	Answer object (11)	3		11	1
46	2023-07-12 17:09:54.503679+00	10	Answer object (10)	3		11	1
47	2023-07-12 17:09:54.508486+00	9	Answer object (9)	3		11	1
48	2023-07-12 17:09:54.512466+00	8	Answer object (8)	3		11	1
49	2023-07-12 17:09:54.516388+00	7	Answer object (7)	3		11	1
50	2023-07-12 17:09:54.520254+00	6	Answer object (6)	3		11	1
51	2023-07-12 17:09:54.52411+00	5	Answer object (5)	3		11	1
52	2023-07-12 17:09:54.527866+00	4	Answer object (4)	3		11	1
53	2023-07-12 17:09:54.531493+00	3	Answer object (3)	3		11	1
54	2023-07-19 15:09:13.104887+00	281	Answer object (281)	3		11	1
55	2023-07-19 15:09:13.133987+00	280	Answer object (280)	3		11	1
56	2023-07-19 15:09:13.136989+00	279	Answer object (279)	3		11	1
57	2023-07-19 15:09:13.139766+00	278	Answer object (278)	3		11	1
58	2023-07-19 15:09:13.143264+00	277	Answer object (277)	3		11	1
59	2023-07-19 15:09:13.146454+00	276	Answer object (276)	3		11	1
60	2023-07-19 15:09:13.149613+00	275	Answer object (275)	3		11	1
61	2023-07-19 15:09:13.153045+00	274	Answer object (274)	3		11	1
62	2023-07-19 15:09:13.156228+00	273	Answer object (273)	3		11	1
63	2023-07-19 15:09:13.159848+00	272	Answer object (272)	3		11	1
64	2023-07-19 15:09:13.162891+00	271	Answer object (271)	3		11	1
65	2023-07-19 15:09:13.165951+00	270	Answer object (270)	3		11	1
66	2023-07-19 15:09:13.168908+00	269	Answer object (269)	3		11	1
67	2023-07-19 15:09:13.172025+00	268	Answer object (268)	3		11	1
68	2023-07-19 15:09:13.174946+00	267	Answer object (267)	3		11	1
69	2023-07-19 15:09:13.17773+00	266	Answer object (266)	3		11	1
70	2023-07-19 15:09:13.180304+00	265	Answer object (265)	3		11	1
71	2023-07-19 15:09:13.183068+00	264	Answer object (264)	3		11	1
72	2023-07-19 15:09:13.185927+00	263	Answer object (263)	3		11	1
73	2023-07-19 15:09:13.188666+00	262	Answer object (262)	3		11	1
74	2023-07-19 15:09:13.191598+00	261	Answer object (261)	3		11	1
75	2023-07-19 15:09:13.1941+00	260	Answer object (260)	3		11	1
76	2023-07-19 15:09:13.196642+00	259	Answer object (259)	3		11	1
77	2023-07-19 15:09:13.199233+00	258	Answer object (258)	3		11	1
78	2023-07-19 15:09:13.20352+00	257	Answer object (257)	3		11	1
79	2023-07-19 15:09:13.206743+00	256	Answer object (256)	3		11	1
80	2023-07-19 15:09:13.210024+00	255	Answer object (255)	3		11	1
81	2023-07-19 15:09:13.212711+00	254	Answer object (254)	3		11	1
82	2023-07-19 15:09:13.215242+00	253	Answer object (253)	3		11	1
83	2023-07-19 15:09:13.218069+00	252	Answer object (252)	3		11	1
84	2023-07-19 15:09:13.22108+00	251	Answer object (251)	3		11	1
85	2023-07-19 15:09:13.224005+00	250	Answer object (250)	3		11	1
86	2023-07-19 15:09:13.226948+00	249	Answer object (249)	3		11	1
87	2023-07-19 15:09:13.229544+00	248	Answer object (248)	3		11	1
88	2023-07-19 15:09:13.232437+00	247	Answer object (247)	3		11	1
89	2023-07-19 15:09:13.235445+00	246	Answer object (246)	3		11	1
90	2023-07-19 15:09:13.238331+00	245	Answer object (245)	3		11	1
91	2023-07-19 15:09:13.241017+00	244	Answer object (244)	3		11	1
92	2023-07-19 15:09:13.24388+00	243	Answer object (243)	3		11	1
93	2023-07-19 15:09:13.246508+00	242	Answer object (242)	3		11	1
94	2023-07-19 15:09:13.248949+00	241	Answer object (241)	3		11	1
95	2023-07-19 15:09:13.251515+00	240	Answer object (240)	3		11	1
96	2023-07-19 15:09:13.254433+00	239	Answer object (239)	3		11	1
97	2023-07-19 15:09:13.257163+00	238	Answer object (238)	3		11	1
98	2023-07-19 15:09:13.260075+00	237	Answer object (237)	3		11	1
99	2023-07-19 15:09:13.265863+00	236	Answer object (236)	3		11	1
100	2023-07-19 15:09:13.268982+00	235	Answer object (235)	3		11	1
101	2023-07-19 15:09:13.271903+00	234	Answer object (234)	3		11	1
102	2023-07-19 15:09:13.274886+00	233	Answer object (233)	3		11	1
103	2023-07-19 15:09:13.277478+00	232	Answer object (232)	3		11	1
104	2023-07-19 15:09:13.280229+00	231	Answer object (231)	3		11	1
105	2023-07-19 15:09:13.283375+00	230	Answer object (230)	3		11	1
106	2023-07-19 15:09:13.286543+00	229	Answer object (229)	3		11	1
107	2023-07-19 15:09:13.289537+00	228	Answer object (228)	3		11	1
108	2023-07-19 15:09:13.292474+00	227	Answer object (227)	3		11	1
109	2023-07-19 15:09:13.295859+00	226	Answer object (226)	3		11	1
110	2023-07-19 15:09:13.298896+00	225	Answer object (225)	3		11	1
111	2023-07-19 15:09:13.302216+00	224	Answer object (224)	3		11	1
112	2023-07-19 15:09:13.305194+00	223	Answer object (223)	3		11	1
113	2023-07-19 15:09:13.30825+00	222	Answer object (222)	3		11	1
114	2023-07-19 15:09:13.311059+00	221	Answer object (221)	3		11	1
115	2023-07-19 15:09:13.313784+00	220	Answer object (220)	3		11	1
116	2023-07-19 15:09:13.316713+00	219	Answer object (219)	3		11	1
117	2023-07-19 15:09:13.319552+00	218	Answer object (218)	3		11	1
118	2023-07-19 15:09:13.322686+00	217	Answer object (217)	3		11	1
119	2023-07-19 15:09:13.325681+00	216	Answer object (216)	3		11	1
120	2023-07-19 15:09:13.32856+00	215	Answer object (215)	3		11	1
121	2023-07-19 15:09:13.331894+00	214	Answer object (214)	3		11	1
122	2023-07-19 15:09:13.334967+00	213	Answer object (213)	3		11	1
123	2023-07-19 15:09:13.338417+00	212	Answer object (212)	3		11	1
124	2023-07-19 15:09:13.341863+00	211	Answer object (211)	3		11	1
125	2023-07-19 15:09:13.345174+00	210	Answer object (210)	3		11	1
126	2023-07-19 15:09:13.348211+00	209	Answer object (209)	3		11	1
127	2023-07-19 15:09:13.351478+00	208	Answer object (208)	3		11	1
128	2023-07-19 15:09:13.354734+00	207	Answer object (207)	3		11	1
129	2023-07-19 15:09:13.35804+00	206	Answer object (206)	3		11	1
130	2023-07-19 15:09:13.361432+00	205	Answer object (205)	3		11	1
131	2023-07-19 15:09:13.364554+00	204	Answer object (204)	3		11	1
132	2023-07-19 15:09:13.367778+00	203	Answer object (203)	3		11	1
133	2023-07-19 15:09:13.370799+00	202	Answer object (202)	3		11	1
134	2023-07-19 15:09:13.37408+00	201	Answer object (201)	3		11	1
135	2023-07-19 15:09:13.377275+00	200	Answer object (200)	3		11	1
136	2023-07-19 15:09:13.380466+00	199	Answer object (199)	3		11	1
137	2023-07-19 15:09:13.383662+00	198	Answer object (198)	3		11	1
138	2023-07-19 15:09:13.386969+00	197	Answer object (197)	3		11	1
139	2023-07-19 15:09:13.390355+00	196	Answer object (196)	3		11	1
140	2023-07-19 15:09:13.393647+00	195	Answer object (195)	3		11	1
141	2023-07-19 15:09:13.397161+00	194	Answer object (194)	3		11	1
142	2023-07-19 15:09:13.40044+00	193	Answer object (193)	3		11	1
143	2023-07-19 15:09:13.404049+00	192	Answer object (192)	3		11	1
144	2023-07-19 15:09:13.407277+00	191	Answer object (191)	3		11	1
145	2023-07-19 15:09:13.410722+00	190	Answer object (190)	3		11	1
146	2023-07-19 15:09:13.413958+00	189	Answer object (189)	3		11	1
147	2023-07-19 15:09:13.416746+00	188	Answer object (188)	3		11	1
148	2023-07-19 15:09:13.420335+00	187	Answer object (187)	3		11	1
149	2023-07-19 15:09:13.423614+00	186	Answer object (186)	3		11	1
150	2023-07-19 15:09:13.426917+00	185	Answer object (185)	3		11	1
151	2023-07-19 15:09:13.430288+00	184	Answer object (184)	3		11	1
152	2023-07-19 15:09:13.433048+00	183	Answer object (183)	3		11	1
153	2023-07-19 15:09:13.435991+00	182	Answer object (182)	3		11	1
154	2023-07-19 15:09:18.595931+00	181	Answer object (181)	3		11	1
155	2023-07-19 15:09:18.612817+00	180	Answer object (180)	3		11	1
156	2023-07-19 15:09:18.616141+00	179	Answer object (179)	3		11	1
157	2023-07-19 15:09:18.619314+00	178	Answer object (178)	3		11	1
158	2023-07-19 15:09:18.622853+00	177	Answer object (177)	3		11	1
159	2023-07-19 15:09:18.625741+00	176	Answer object (176)	3		11	1
160	2023-07-19 15:09:18.628928+00	175	Answer object (175)	3		11	1
161	2023-07-19 15:09:18.631853+00	174	Answer object (174)	3		11	1
162	2023-07-19 15:09:18.634795+00	173	Answer object (173)	3		11	1
163	2023-07-19 15:09:18.637649+00	172	Answer object (172)	3		11	1
164	2023-07-19 15:09:18.640519+00	171	Answer object (171)	3		11	1
165	2023-07-19 15:09:18.643231+00	170	Answer object (170)	3		11	1
166	2023-07-19 15:09:18.646118+00	169	Answer object (169)	3		11	1
167	2023-07-19 15:09:18.649774+00	168	Answer object (168)	3		11	1
168	2023-07-19 15:09:18.652478+00	167	Answer object (167)	3		11	1
169	2023-07-19 15:09:18.655154+00	166	Answer object (166)	3		11	1
170	2023-07-19 15:09:18.657949+00	165	Answer object (165)	3		11	1
171	2023-07-19 15:09:18.660588+00	164	Answer object (164)	3		11	1
172	2023-07-19 15:09:18.663316+00	163	Answer object (163)	3		11	1
173	2023-07-19 15:09:18.666013+00	162	Answer object (162)	3		11	1
174	2023-07-19 15:09:18.668885+00	161	Answer object (161)	3		11	1
175	2023-07-19 15:09:18.671754+00	160	Answer object (160)	3		11	1
176	2023-07-19 15:09:18.674365+00	159	Answer object (159)	3		11	1
177	2023-07-19 15:09:18.677689+00	158	Answer object (158)	3		11	1
178	2023-07-19 15:09:18.680363+00	157	Answer object (157)	3		11	1
179	2023-07-19 15:09:18.683282+00	156	Answer object (156)	3		11	1
180	2023-07-19 15:09:18.686052+00	155	Answer object (155)	3		11	1
181	2023-07-19 15:09:18.689023+00	154	Answer object (154)	3		11	1
182	2023-07-19 15:09:18.692376+00	153	Answer object (153)	3		11	1
183	2023-07-19 15:09:18.695302+00	152	Answer object (152)	3		11	1
184	2023-07-19 15:09:18.698768+00	151	Answer object (151)	3		11	1
185	2023-07-19 15:09:18.701607+00	150	Answer object (150)	3		11	1
186	2023-07-19 15:09:18.704624+00	149	Answer object (149)	3		11	1
187	2023-07-19 15:09:18.707584+00	148	Answer object (148)	3		11	1
188	2023-07-19 15:09:18.710818+00	147	Answer object (147)	3		11	1
189	2023-07-19 15:09:18.714176+00	146	Answer object (146)	3		11	1
190	2023-07-19 15:09:18.717337+00	145	Answer object (145)	3		11	1
191	2023-07-19 15:09:18.720812+00	144	Answer object (144)	3		11	1
192	2023-07-19 15:09:18.723865+00	143	Answer object (143)	3		11	1
193	2023-07-19 15:09:18.727111+00	142	Answer object (142)	3		11	1
194	2023-07-19 15:09:18.72986+00	141	Answer object (141)	3		11	1
195	2023-07-19 15:09:18.732754+00	140	Answer object (140)	3		11	1
196	2023-07-19 15:09:18.736003+00	139	Answer object (139)	3		11	1
197	2023-07-19 15:09:18.73906+00	138	Answer object (138)	3		11	1
198	2023-07-19 15:09:18.742068+00	137	Answer object (137)	3		11	1
199	2023-07-19 15:09:18.745119+00	136	Answer object (136)	3		11	1
200	2023-07-19 15:09:18.748024+00	135	Answer object (135)	3		11	1
201	2023-07-19 15:09:18.7509+00	134	Answer object (134)	3		11	1
202	2023-07-19 15:09:18.753998+00	133	Answer object (133)	3		11	1
203	2023-07-19 15:09:18.757148+00	132	Answer object (132)	3		11	1
204	2023-07-19 15:09:18.760166+00	131	Answer object (131)	3		11	1
205	2023-07-19 15:09:18.762883+00	130	Answer object (130)	3		11	1
206	2023-07-19 15:09:18.76582+00	129	Answer object (129)	3		11	1
207	2023-07-19 15:09:18.768758+00	128	Answer object (128)	3		11	1
208	2023-07-19 15:09:18.771626+00	127	Answer object (127)	3		11	1
209	2023-07-19 15:09:18.77445+00	126	Answer object (126)	3		11	1
210	2023-07-19 15:09:18.777219+00	125	Answer object (125)	3		11	1
211	2023-07-19 15:09:18.780381+00	124	Answer object (124)	3		11	1
212	2023-07-19 15:09:18.783086+00	123	Answer object (123)	3		11	1
213	2023-07-19 15:09:18.785871+00	122	Answer object (122)	3		11	1
214	2023-07-19 15:09:18.788973+00	121	Answer object (121)	3		11	1
215	2023-07-19 15:09:18.792077+00	120	Answer object (120)	3		11	1
216	2023-07-19 15:09:18.794862+00	119	Answer object (119)	3		11	1
217	2023-07-19 15:09:18.797393+00	118	Answer object (118)	3		11	1
218	2023-07-19 15:09:18.80028+00	117	Answer object (117)	3		11	1
219	2023-07-19 15:09:18.803168+00	116	Answer object (116)	3		11	1
220	2023-07-19 15:09:18.805987+00	115	Answer object (115)	3		11	1
221	2023-07-19 15:09:18.808724+00	114	Answer object (114)	3		11	1
222	2023-07-19 15:09:18.811371+00	113	Answer object (113)	3		11	1
223	2023-07-19 15:09:18.814086+00	112	Answer object (112)	3		11	1
224	2023-07-19 15:09:18.816733+00	111	Answer object (111)	3		11	1
225	2023-07-19 15:09:18.819613+00	110	Answer object (110)	3		11	1
226	2023-07-19 15:09:18.822544+00	109	Answer object (109)	3		11	1
227	2023-07-19 15:09:18.825306+00	108	Answer object (108)	3		11	1
228	2023-07-19 15:09:18.828003+00	107	Answer object (107)	3		11	1
229	2023-07-19 15:09:18.830659+00	106	Answer object (106)	3		11	1
230	2023-07-19 15:09:18.833526+00	105	Answer object (105)	3		11	1
231	2023-07-19 15:09:18.836477+00	104	Answer object (104)	3		11	1
232	2023-07-19 15:09:18.839177+00	103	Answer object (103)	3		11	1
233	2023-07-19 15:09:18.841889+00	102	Answer object (102)	3		11	1
234	2023-07-19 15:09:18.844739+00	101	Answer object (101)	3		11	1
235	2023-07-19 15:09:18.847305+00	100	Answer object (100)	3		11	1
236	2023-07-19 15:09:18.850003+00	99	Answer object (99)	3		11	1
237	2023-07-19 15:09:18.852606+00	98	Answer object (98)	3		11	1
238	2023-07-19 15:09:18.855116+00	97	Answer object (97)	3		11	1
239	2023-07-19 15:09:18.857869+00	96	Answer object (96)	3		11	1
240	2023-07-19 15:09:18.860663+00	95	Answer object (95)	3		11	1
241	2023-07-19 15:09:18.86363+00	94	Answer object (94)	3		11	1
242	2023-07-19 15:09:18.866444+00	93	Answer object (93)	3		11	1
243	2023-07-19 15:09:18.869017+00	92	Answer object (92)	3		11	1
244	2023-07-19 15:09:18.871969+00	91	Answer object (91)	3		11	1
245	2023-07-19 15:09:18.87466+00	90	Answer object (90)	3		11	1
246	2023-07-19 15:09:18.877511+00	89	Answer object (89)	3		11	1
247	2023-07-19 15:09:18.880047+00	88	Answer object (88)	3		11	1
248	2023-07-19 15:09:18.882771+00	87	Answer object (87)	3		11	1
249	2023-07-19 15:09:18.88555+00	86	Answer object (86)	3		11	1
250	2023-07-19 15:09:18.888247+00	85	Answer object (85)	3		11	1
251	2023-07-19 15:09:18.891+00	84	Answer object (84)	3		11	1
252	2023-07-19 15:09:18.895039+00	83	Answer object (83)	3		11	1
253	2023-07-19 15:09:18.89904+00	82	Answer object (82)	3		11	1
254	2023-07-19 15:09:23.047324+00	81	Answer object (81)	3		11	1
255	2023-07-19 15:09:23.060874+00	80	Answer object (80)	3		11	1
256	2023-07-19 15:09:23.063997+00	79	Answer object (79)	3		11	1
257	2023-07-19 15:09:23.066753+00	78	Answer object (78)	3		11	1
258	2023-07-19 15:09:23.069509+00	77	Answer object (77)	3		11	1
259	2023-07-19 15:09:23.072128+00	76	Answer object (76)	3		11	1
260	2023-07-19 15:09:23.074788+00	75	Answer object (75)	3		11	1
261	2023-07-19 15:09:23.077213+00	74	Answer object (74)	3		11	1
262	2023-07-19 15:09:23.079745+00	73	Answer object (73)	3		11	1
263	2023-07-19 15:09:23.082374+00	72	Answer object (72)	3		11	1
264	2023-07-19 15:09:23.084854+00	71	Answer object (71)	3		11	1
265	2023-07-19 15:09:23.087369+00	70	Answer object (70)	3		11	1
266	2023-07-19 15:09:23.08989+00	69	Answer object (69)	3		11	1
267	2023-07-19 15:09:23.092475+00	68	Answer object (68)	3		11	1
268	2023-07-19 15:09:23.095652+00	67	Answer object (67)	3		11	1
269	2023-07-19 15:09:23.098236+00	66	Answer object (66)	3		11	1
270	2023-07-19 15:09:23.101095+00	65	Answer object (65)	3		11	1
271	2023-07-19 15:09:23.10374+00	64	Answer object (64)	3		11	1
272	2023-07-19 15:09:23.106388+00	63	Answer object (63)	3		11	1
273	2023-07-19 15:09:23.109064+00	62	Answer object (62)	3		11	1
274	2023-07-19 15:09:23.111683+00	61	Answer object (61)	3		11	1
275	2023-07-19 15:09:23.114306+00	60	Answer object (60)	3		11	1
276	2023-07-19 15:09:23.116981+00	59	Answer object (59)	3		11	1
277	2023-07-19 15:09:23.119601+00	58	Answer object (58)	3		11	1
278	2023-07-19 15:09:23.122314+00	57	Answer object (57)	3		11	1
279	2023-07-19 15:09:23.125209+00	56	Answer object (56)	3		11	1
280	2023-07-29 17:20:50.949072+00	360	Answer object (360)	3		11	1
281	2023-07-29 17:20:50.982968+00	359	Answer object (359)	3		11	1
282	2023-07-29 17:20:50.986673+00	358	Answer object (358)	3		11	1
283	2023-07-29 17:20:50.990243+00	357	Answer object (357)	3		11	1
284	2023-07-29 17:20:50.993695+00	356	Answer object (356)	3		11	1
285	2023-07-29 17:20:50.997231+00	355	Answer object (355)	3		11	1
286	2023-07-29 17:20:51.000703+00	354	Answer object (354)	3		11	1
287	2023-07-29 17:20:51.004069+00	353	Answer object (353)	3		11	1
288	2023-07-29 17:20:51.007544+00	352	Answer object (352)	3		11	1
289	2023-07-29 17:20:51.011327+00	350	Answer object (350)	3		11	1
290	2023-07-29 17:20:51.015101+00	349	Answer object (349)	3		11	1
291	2023-07-29 17:20:51.019091+00	348	Answer object (348)	3		11	1
292	2023-07-29 17:20:51.022855+00	347	Answer object (347)	3		11	1
293	2023-07-29 17:20:51.027251+00	346	Answer object (346)	3		11	1
294	2023-07-29 17:20:51.030966+00	345	Answer object (345)	3		11	1
295	2023-07-29 17:20:51.035027+00	344	Answer object (344)	3		11	1
296	2023-07-29 17:20:51.038886+00	343	Answer object (343)	3		11	1
297	2023-07-29 17:20:51.042697+00	342	Answer object (342)	3		11	1
298	2023-07-29 17:20:51.046734+00	341	Answer object (341)	3		11	1
299	2023-07-29 17:20:51.05061+00	340	Answer object (340)	3		11	1
300	2023-07-29 17:20:51.054695+00	339	Answer object (339)	3		11	1
301	2023-07-29 17:20:51.058815+00	338	Answer object (338)	3		11	1
302	2023-07-29 17:20:51.062434+00	337	Answer object (337)	3		11	1
303	2023-07-29 17:20:51.066304+00	336	Answer object (336)	3		11	1
304	2023-07-29 17:20:51.070108+00	335	Answer object (335)	3		11	1
305	2023-07-29 17:20:51.073968+00	334	Answer object (334)	3		11	1
306	2023-07-29 17:20:51.077737+00	333	Answer object (333)	3		11	1
307	2023-07-29 17:20:51.081802+00	332	Answer object (332)	3		11	1
308	2023-07-29 17:20:51.085463+00	331	Answer object (331)	3		11	1
309	2023-07-29 17:20:51.08902+00	330	Answer object (330)	3		11	1
310	2023-07-29 17:20:51.092457+00	329	Answer object (329)	3		11	1
311	2023-07-29 17:20:51.096018+00	328	Answer object (328)	3		11	1
312	2023-07-29 17:20:51.099869+00	327	Answer object (327)	3		11	1
313	2023-07-29 17:20:51.103752+00	326	Answer object (326)	3		11	1
314	2023-07-29 17:20:51.107252+00	325	Answer object (325)	3		11	1
315	2023-07-29 17:20:51.110732+00	324	Answer object (324)	3		11	1
316	2023-07-29 17:20:51.114171+00	323	Answer object (323)	3		11	1
317	2023-07-29 17:20:51.117403+00	322	Answer object (322)	3		11	1
318	2023-07-29 17:20:51.120647+00	321	Answer object (321)	3		11	1
319	2023-07-29 17:20:51.123906+00	320	Answer object (320)	3		11	1
320	2023-07-29 17:20:51.127154+00	319	Answer object (319)	3		11	1
321	2023-07-29 17:20:51.130541+00	318	Answer object (318)	3		11	1
322	2023-07-29 17:20:51.134555+00	317	Answer object (317)	3		11	1
323	2023-07-29 17:20:51.139338+00	316	Answer object (316)	3		11	1
324	2023-07-29 17:20:51.144573+00	315	Answer object (315)	3		11	1
325	2023-07-29 17:20:51.149549+00	314	Answer object (314)	3		11	1
326	2023-07-29 17:20:51.157141+00	313	Answer object (313)	3		11	1
327	2023-07-29 17:20:51.161601+00	312	Answer object (312)	3		11	1
328	2023-07-29 17:20:51.1665+00	311	Answer object (311)	3		11	1
329	2023-07-29 17:20:51.171387+00	310	Answer object (310)	3		11	1
330	2023-07-29 17:20:51.17607+00	309	Answer object (309)	3		11	1
331	2023-07-29 17:20:51.180621+00	308	Answer object (308)	3		11	1
332	2023-07-29 17:20:51.185305+00	307	Answer object (307)	3		11	1
333	2023-07-29 17:20:51.189959+00	306	Answer object (306)	3		11	1
334	2023-07-29 17:20:51.194553+00	305	Answer object (305)	3		11	1
335	2023-07-29 17:20:51.198756+00	304	Answer object (304)	3		11	1
336	2023-07-29 17:20:51.203617+00	303	Answer object (303)	3		11	1
337	2023-07-29 17:20:51.208712+00	302	Answer object (302)	3		11	1
338	2023-07-29 17:20:51.213928+00	301	Answer object (301)	3		11	1
339	2023-07-29 17:20:51.218876+00	300	Answer object (300)	3		11	1
340	2023-07-29 17:20:51.223598+00	299	Answer object (299)	3		11	1
341	2023-07-29 17:20:51.228041+00	298	Answer object (298)	3		11	1
342	2023-07-29 17:20:51.233058+00	297	Answer object (297)	3		11	1
343	2023-07-29 17:20:51.237649+00	296	Answer object (296)	3		11	1
344	2023-07-29 17:20:51.242469+00	295	Answer object (295)	3		11	1
345	2023-07-29 17:20:51.247329+00	294	Answer object (294)	3		11	1
346	2023-07-29 17:20:51.252095+00	293	Answer object (293)	3		11	1
347	2023-07-29 17:20:51.257191+00	292	Answer object (292)	3		11	1
348	2023-07-29 17:20:51.261772+00	291	Answer object (291)	3		11	1
349	2023-07-29 17:20:51.266294+00	290	Answer object (290)	3		11	1
350	2023-07-29 17:20:51.270813+00	289	Answer object (289)	3		11	1
351	2023-07-29 17:20:51.275211+00	288	Answer object (288)	3		11	1
352	2023-07-29 17:20:51.279554+00	287	Answer object (287)	3		11	1
353	2023-07-29 17:20:51.283717+00	286	Answer object (286)	3		11	1
354	2023-07-29 17:20:51.288403+00	285	Answer object (285)	3		11	1
355	2023-07-29 17:20:51.293078+00	284	Answer object (284)	3		11	1
356	2023-07-29 17:20:51.297958+00	283	Answer object (283)	3		11	1
357	2023-07-29 17:20:51.30232+00	282	Answer object (282)	3		11	1
358	2023-07-29 17:20:57.55644+00	351	Answer object (351)	3		11	1
359	2023-08-22 17:20:18.743754+00	391	Answer object (391)	3		11	2
360	2023-08-22 17:20:18.802096+00	390	Answer object (390)	3		11	2
361	2023-08-22 17:20:18.807171+00	389	Answer object (389)	3		11	2
362	2023-08-22 17:20:18.811898+00	388	Answer object (388)	3		11	2
363	2023-08-22 17:20:18.817072+00	387	Answer object (387)	3		11	2
364	2023-08-22 17:20:18.82195+00	386	Answer object (386)	3		11	2
365	2023-08-22 17:20:18.826826+00	385	Answer object (385)	3		11	2
366	2023-08-22 17:20:18.831562+00	384	Answer object (384)	3		11	2
367	2023-08-22 17:20:18.836648+00	383	Answer object (383)	3		11	2
368	2023-08-22 17:20:18.841507+00	382	Answer object (382)	3		11	2
369	2023-08-22 17:20:18.846487+00	381	Answer object (381)	3		11	2
370	2023-08-22 17:20:18.852598+00	380	Answer object (380)	3		11	2
371	2023-08-22 17:20:18.857863+00	379	Answer object (379)	3		11	2
372	2023-08-22 17:20:18.862923+00	378	Answer object (378)	3		11	2
373	2023-08-22 17:20:18.867926+00	377	Answer object (377)	3		11	2
374	2023-08-22 17:20:18.873019+00	376	Answer object (376)	3		11	2
375	2023-08-22 17:20:18.878338+00	375	Answer object (375)	3		11	2
376	2023-08-22 17:20:18.883176+00	374	Answer object (374)	3		11	2
377	2023-08-22 17:20:18.888374+00	373	Answer object (373)	3		11	2
378	2023-08-22 17:20:18.893199+00	372	Answer object (372)	3		11	2
379	2023-08-22 17:20:18.897983+00	371	Answer object (371)	3		11	2
380	2023-08-22 17:20:18.90331+00	370	Answer object (370)	3		11	2
381	2023-08-22 17:20:18.908377+00	369	Answer object (369)	3		11	2
382	2023-08-22 17:20:18.913265+00	368	Answer object (368)	3		11	2
383	2023-08-22 17:20:18.91788+00	367	Answer object (367)	3		11	2
384	2023-08-22 17:20:18.92297+00	366	Answer object (366)	3		11	2
385	2023-08-22 17:20:18.928016+00	365	Answer object (365)	3		11	2
386	2023-08-22 17:20:18.932981+00	364	Answer object (364)	3		11	2
387	2023-08-22 17:30:50.08802+00	422	Answer object (422)	3		11	2
388	2023-08-22 17:30:50.122115+00	421	Answer object (421)	3		11	2
389	2023-08-22 17:30:50.126705+00	420	Answer object (420)	3		11	2
390	2023-08-22 17:30:50.131672+00	419	Answer object (419)	3		11	2
391	2023-08-22 17:30:50.136021+00	418	Answer object (418)	3		11	2
392	2023-08-22 17:30:50.140396+00	417	Answer object (417)	3		11	2
393	2023-08-22 17:30:50.144603+00	416	Answer object (416)	3		11	2
394	2023-08-22 17:30:50.14898+00	415	Answer object (415)	3		11	2
395	2023-08-22 17:30:50.153327+00	414	Answer object (414)	3		11	2
396	2023-08-22 17:30:50.157348+00	413	Answer object (413)	3		11	2
397	2023-08-22 17:30:50.161349+00	412	Answer object (412)	3		11	2
398	2023-08-22 17:30:50.16569+00	411	Answer object (411)	3		11	2
399	2023-08-22 17:30:50.170069+00	410	Answer object (410)	3		11	2
400	2023-08-22 17:30:50.174303+00	409	Answer object (409)	3		11	2
401	2023-08-22 17:30:50.178629+00	408	Answer object (408)	3		11	2
402	2023-08-22 17:30:50.183184+00	407	Answer object (407)	3		11	2
403	2023-08-22 17:30:50.187982+00	406	Answer object (406)	3		11	2
404	2023-08-22 17:30:50.192057+00	405	Answer object (405)	3		11	2
405	2023-08-22 17:30:50.19623+00	404	Answer object (404)	3		11	2
406	2023-08-22 17:30:50.200239+00	403	Answer object (403)	3		11	2
407	2023-08-22 17:30:50.204204+00	402	Answer object (402)	3		11	2
408	2023-08-22 17:30:50.208456+00	401	Answer object (401)	3		11	2
409	2023-08-22 17:30:50.214551+00	400	Answer object (400)	3		11	2
410	2023-08-22 17:30:50.21889+00	399	Answer object (399)	3		11	2
411	2023-08-22 17:30:50.222876+00	398	Answer object (398)	3		11	2
412	2023-08-22 17:30:50.226961+00	397	Answer object (397)	3		11	2
413	2023-08-22 17:30:50.230886+00	396	Answer object (396)	3		11	2
414	2023-08-22 17:30:50.235174+00	395	Answer object (395)	3		11	2
415	2023-08-22 17:30:50.23978+00	394	Answer object (394)	3		11	2
416	2023-08-22 17:30:50.243889+00	393	Answer object (393)	3		11	2
417	2023-08-22 17:30:50.24855+00	392	Answer object (392)	3		11	2
418	2023-08-31 17:09:28.571492+00	448	Answer object (448)	3		11	2
419	2023-08-31 17:09:28.605968+00	447	Answer object (447)	3		11	2
420	2023-08-31 17:09:28.61+00	446	Answer object (446)	3		11	2
421	2023-08-31 17:09:28.614059+00	445	Answer object (445)	3		11	2
422	2023-08-31 17:09:28.6181+00	444	Answer object (444)	3		11	2
423	2023-08-31 17:09:28.622063+00	443	Answer object (443)	3		11	2
424	2023-08-31 17:09:28.626126+00	442	Answer object (442)	3		11	2
425	2023-08-31 17:09:28.630109+00	441	Answer object (441)	3		11	2
426	2023-08-31 17:09:28.634068+00	440	Answer object (440)	3		11	2
427	2023-08-31 17:09:28.63785+00	439	Answer object (439)	3		11	2
428	2023-08-31 17:09:28.641863+00	438	Answer object (438)	3		11	2
429	2023-08-31 17:09:28.645793+00	437	Answer object (437)	3		11	2
430	2023-08-31 17:09:28.649814+00	436	Answer object (436)	3		11	2
431	2023-08-31 17:09:28.653626+00	435	Answer object (435)	3		11	2
432	2023-08-31 17:09:28.657883+00	434	Answer object (434)	3		11	2
433	2023-08-31 17:09:28.665129+00	433	Answer object (433)	3		11	2
434	2023-08-31 17:09:28.669419+00	432	Answer object (432)	3		11	2
435	2023-08-31 17:09:28.673445+00	431	Answer object (431)	3		11	2
436	2023-08-31 17:09:28.677864+00	430	Answer object (430)	3		11	2
437	2023-08-31 17:09:28.681904+00	429	Answer object (429)	3		11	2
438	2023-08-31 17:09:28.686119+00	428	Answer object (428)	3		11	2
439	2023-08-31 17:09:28.689941+00	427	Answer object (427)	3		11	2
440	2023-08-31 17:09:28.694033+00	426	Answer object (426)	3		11	2
441	2023-08-31 17:09:28.698542+00	425	Answer object (425)	3		11	2
442	2023-08-31 17:09:28.702846+00	424	Answer object (424)	3		11	2
443	2023-08-31 17:09:28.707386+00	423	Answer object (423)	3		11	2
444	2023-09-19 16:28:46.343811+00	476	Answer object (476)	3		11	3
445	2023-09-19 16:28:46.372596+00	475	Answer object (475)	3		11	3
446	2023-09-19 16:28:46.375163+00	474	Answer object (474)	3		11	3
447	2023-09-19 16:28:46.377793+00	473	Answer object (473)	3		11	3
448	2023-09-19 16:28:46.380263+00	472	Answer object (472)	3		11	3
449	2023-09-19 16:28:46.382865+00	471	Answer object (471)	3		11	3
450	2023-09-19 16:28:46.385629+00	470	Answer object (470)	3		11	3
451	2023-09-19 16:28:46.388511+00	469	Answer object (469)	3		11	3
452	2023-09-19 16:28:46.390951+00	468	Answer object (468)	3		11	3
453	2023-09-19 16:28:46.39343+00	467	Answer object (467)	3		11	3
454	2023-09-19 16:28:46.395901+00	466	Answer object (466)	3		11	3
455	2023-09-19 16:28:46.398333+00	465	Answer object (465)	3		11	3
456	2023-09-19 16:28:46.400891+00	464	Answer object (464)	3		11	3
457	2023-09-19 16:28:46.403496+00	463	Answer object (463)	3		11	3
458	2023-09-19 16:28:46.406216+00	462	Answer object (462)	3		11	3
459	2023-09-19 16:28:46.408786+00	461	Answer object (461)	3		11	3
460	2023-09-19 16:28:46.411194+00	460	Answer object (460)	3		11	3
461	2023-09-19 16:28:46.41353+00	459	Answer object (459)	3		11	3
462	2023-09-19 16:28:46.415862+00	458	Answer object (458)	3		11	3
463	2023-09-19 16:28:46.418329+00	457	Answer object (457)	3		11	3
464	2023-09-19 16:28:46.420886+00	456	Answer object (456)	3		11	3
465	2023-09-19 16:28:46.423373+00	455	Answer object (455)	3		11	3
466	2023-09-19 16:28:46.425902+00	454	Answer object (454)	3		11	3
467	2023-09-19 16:28:46.4283+00	453	Answer object (453)	3		11	3
468	2023-09-19 16:28:46.430838+00	452	Answer object (452)	3		11	3
469	2023-09-19 16:28:46.433277+00	451	Answer object (451)	3		11	3
470	2023-09-19 16:28:46.435824+00	450	Answer object (450)	3		11	3
471	2023-09-19 16:28:46.438576+00	449	Answer object (449)	3		11	3
472	2023-09-19 16:30:48.777055+00	485	Answer object (485)	3		11	3
473	2023-09-19 16:30:48.796392+00	484	Answer object (484)	3		11	3
474	2023-09-19 16:30:48.799325+00	483	Answer object (483)	3		11	3
475	2023-09-19 16:30:48.802098+00	482	Answer object (482)	3		11	3
476	2023-09-19 16:30:48.804867+00	481	Answer object (481)	3		11	3
477	2023-09-19 16:30:48.807725+00	480	Answer object (480)	3		11	3
478	2023-09-19 16:30:48.810683+00	479	Answer object (479)	3		11	3
479	2023-09-19 16:30:48.813971+00	478	Answer object (478)	3		11	3
480	2023-09-19 16:30:48.816701+00	477	Answer object (477)	3		11	3
481	2023-09-26 09:17:48.608938+00	11	AAQ-II	2	[{"added": {"name": "message", "object": "hola me llamo juan"}}]	12	3
482	2023-09-26 11:53:14.541118+00	506	Answer object (506)	3		11	3
483	2023-09-26 11:53:14.564581+00	505	Answer object (505)	3		11	3
484	2023-09-26 11:53:14.569543+00	504	Answer object (504)	3		11	3
485	2023-09-26 11:53:14.573867+00	503	Answer object (503)	3		11	3
486	2023-09-26 11:53:14.578783+00	502	Answer object (502)	3		11	3
487	2023-09-26 11:53:14.583335+00	501	Answer object (501)	3		11	3
488	2023-09-26 11:53:14.587618+00	500	Answer object (500)	3		11	3
489	2023-09-26 11:53:14.59174+00	499	Answer object (499)	3		11	3
490	2023-09-26 11:53:14.596476+00	498	Answer object (498)	3		11	3
491	2023-09-26 11:53:14.600727+00	497	Answer object (497)	3		11	3
492	2023-09-26 11:53:14.604938+00	496	Answer object (496)	3		11	3
493	2023-09-26 11:53:14.609376+00	495	Answer object (495)	3		11	3
494	2023-09-26 11:53:14.61354+00	494	Answer object (494)	3		11	3
495	2023-09-26 11:53:14.618041+00	493	Answer object (493)	3		11	3
496	2023-09-26 11:53:14.622138+00	492	Answer object (492)	3		11	3
497	2023-09-26 11:53:14.626259+00	491	Answer object (491)	3		11	3
498	2023-09-26 11:53:14.630485+00	490	Answer object (490)	3		11	3
499	2023-09-26 11:53:14.634752+00	489	Answer object (489)	3		11	3
500	2023-09-26 11:53:14.639326+00	488	Answer object (488)	3		11	3
501	2023-09-26 11:53:14.644073+00	487	Answer object (487)	3		11	3
502	2023-09-26 11:53:14.648146+00	486	Answer object (486)	3		11	3
503	2023-09-26 12:19:30.504184+00	527	Answer object (527)	3		11	3
504	2023-09-26 12:19:30.522094+00	526	Answer object (526)	3		11	3
505	2023-09-26 12:19:30.526647+00	525	Answer object (525)	3		11	3
506	2023-09-26 12:19:30.530796+00	524	Answer object (524)	3		11	3
507	2023-09-26 12:19:30.534807+00	523	Answer object (523)	3		11	3
508	2023-09-26 12:19:30.538949+00	522	Answer object (522)	3		11	3
509	2023-09-26 12:19:30.543155+00	521	Answer object (521)	3		11	3
510	2023-09-26 12:19:30.547877+00	520	Answer object (520)	3		11	3
511	2023-09-26 12:19:30.552061+00	519	Answer object (519)	3		11	3
512	2023-09-26 12:19:30.556215+00	518	Answer object (518)	3		11	3
513	2023-09-26 12:19:30.560393+00	517	Answer object (517)	3		11	3
514	2023-09-26 12:19:30.564829+00	516	Answer object (516)	3		11	3
515	2023-09-26 12:19:30.569524+00	515	Answer object (515)	3		11	3
516	2023-09-26 12:19:30.573741+00	514	Answer object (514)	3		11	3
517	2023-09-26 12:19:30.578014+00	513	Answer object (513)	3		11	3
518	2023-09-26 12:19:30.582511+00	512	Answer object (512)	3		11	3
519	2023-09-26 12:19:30.586742+00	511	Answer object (511)	3		11	3
520	2023-09-26 12:19:30.590812+00	510	Answer object (510)	3		11	3
521	2023-09-26 12:19:30.594996+00	509	Answer object (509)	3		11	3
522	2023-09-26 12:19:30.599166+00	508	Answer object (508)	3		11	3
523	2023-09-26 12:19:30.603559+00	507	Answer object (507)	3		11	3
524	2023-09-29 10:09:59.449021+00	16	asdfasdf	3		9	3
525	2023-10-04 09:07:09.323216+00	582	Answer object (582)	3		11	3
526	2023-10-04 09:07:09.356183+00	581	Answer object (581)	3		11	3
527	2023-10-04 09:07:09.359276+00	580	Answer object (580)	3		11	3
528	2023-10-04 09:07:09.362436+00	579	Answer object (579)	3		11	3
529	2023-10-04 09:07:09.365393+00	578	Answer object (578)	3		11	3
530	2023-10-04 09:07:09.368202+00	577	Answer object (577)	3		11	3
531	2023-10-04 09:07:09.371415+00	576	Answer object (576)	3		11	3
532	2023-10-04 09:07:09.374227+00	575	Answer object (575)	3		11	3
533	2023-10-04 09:07:09.376904+00	574	Answer object (574)	3		11	3
534	2023-10-04 09:07:09.379757+00	573	Answer object (573)	3		11	3
535	2023-10-04 09:07:09.382561+00	571	Answer object (571)	3		11	3
536	2023-10-04 09:07:09.385857+00	570	Answer object (570)	3		11	3
537	2023-10-04 09:07:09.388559+00	569	Answer object (569)	3		11	3
538	2023-10-04 09:07:09.391356+00	568	Answer object (568)	3		11	3
539	2023-10-04 09:07:09.394345+00	567	Answer object (567)	3		11	3
540	2023-10-04 09:07:09.397064+00	566	Answer object (566)	3		11	3
541	2023-10-04 09:07:09.400074+00	565	Answer object (565)	3		11	3
542	2023-10-04 09:07:09.40281+00	564	Answer object (564)	3		11	3
543	2023-10-04 09:07:09.405952+00	563	Answer object (563)	3		11	3
544	2023-10-04 09:07:09.408851+00	562	Answer object (562)	3		11	3
545	2023-10-04 09:07:09.41147+00	561	Answer object (561)	3		11	3
546	2023-10-04 09:07:09.414425+00	560	Answer object (560)	3		11	3
547	2023-10-04 09:07:09.416978+00	559	Answer object (559)	3		11	3
548	2023-10-04 09:07:09.420056+00	558	Answer object (558)	3		11	3
549	2023-10-04 09:07:09.422801+00	557	Answer object (557)	3		11	3
550	2023-10-04 09:07:09.425451+00	556	Answer object (556)	3		11	3
551	2023-10-04 09:07:09.428341+00	555	Answer object (555)	3		11	3
552	2023-10-04 09:07:09.430902+00	554	Answer object (554)	3		11	3
553	2023-10-04 09:07:09.433972+00	553	Answer object (553)	3		11	3
554	2023-10-04 09:07:09.436568+00	552	Answer object (552)	3		11	3
555	2023-10-04 09:07:09.439196+00	551	Answer object (551)	3		11	3
556	2023-10-04 09:07:09.441941+00	550	Answer object (550)	3		11	3
557	2023-10-04 09:07:09.444508+00	549	Answer object (549)	3		11	3
558	2023-10-04 09:07:09.447473+00	548	Answer object (548)	3		11	3
559	2023-10-04 09:07:09.450198+00	547	Answer object (547)	3		11	3
560	2023-10-04 09:07:09.452939+00	546	Answer object (546)	3		11	3
561	2023-10-04 09:07:09.455743+00	545	Answer object (545)	3		11	3
562	2023-10-04 09:07:09.458321+00	544	Answer object (544)	3		11	3
563	2023-10-04 09:07:09.460944+00	543	Answer object (543)	3		11	3
564	2023-10-04 09:07:09.463602+00	542	Answer object (542)	3		11	3
565	2023-10-04 09:07:09.466183+00	541	Answer object (541)	3		11	3
566	2023-10-04 09:07:09.469383+00	540	Answer object (540)	3		11	3
567	2023-10-04 09:07:09.472001+00	539	Answer object (539)	3		11	3
568	2023-10-04 09:07:09.474633+00	538	Answer object (538)	3		11	3
569	2023-10-04 09:07:09.477376+00	537	Answer object (537)	3		11	3
570	2023-10-04 09:07:09.479992+00	536	Answer object (536)	3		11	3
571	2023-10-04 09:07:09.482761+00	535	Answer object (535)	3		11	3
572	2023-10-04 09:07:09.48528+00	534	Answer object (534)	3		11	3
573	2023-10-04 09:07:09.488429+00	533	Answer object (533)	3		11	3
574	2023-10-04 09:07:09.491477+00	532	Answer object (532)	3		11	3
575	2023-10-04 09:07:09.494858+00	531	Answer object (531)	3		11	3
576	2023-10-04 09:07:09.498236+00	530	Answer object (530)	3		11	3
577	2023-10-04 09:07:09.501608+00	529	Answer object (529)	3		11	3
578	2023-10-04 09:07:09.504903+00	528	Answer object (528)	3		11	3
579	2023-10-04 09:07:26.27839+00	11	Bloque AAQ-II	2	[{"changed": {"fields": ["Time", "Days"]}}]	9	3
580	2023-10-04 09:08:00.29541+00	10	Bloque Satisfaccion semanal	2	[{"changed": {"fields": ["Time", "Days"]}}]	9	3
581	2023-10-09 16:02:44.393766+00	596	Answer object (596)	3		11	3
582	2023-10-09 16:02:44.423774+00	595	Answer object (595)	3		11	3
583	2023-10-09 16:02:44.427669+00	594	Answer object (594)	3		11	3
584	2023-10-09 16:02:44.44249+00	593	Answer object (593)	3		11	3
585	2023-10-09 16:02:44.448553+00	592	Answer object (592)	3		11	3
586	2023-10-09 16:02:44.452673+00	591	Answer object (591)	3		11	3
587	2023-10-09 16:02:44.456574+00	590	Answer object (590)	3		11	3
588	2023-10-09 16:02:44.461018+00	589	Answer object (589)	3		11	3
589	2023-10-09 16:02:44.464882+00	588	Answer object (588)	3		11	3
590	2023-10-09 16:02:44.468802+00	587	Answer object (587)	3		11	3
591	2023-10-09 16:02:44.47259+00	586	Answer object (586)	3		11	3
592	2023-10-09 16:02:44.476474+00	585	Answer object (585)	3		11	3
593	2023-10-09 16:02:44.48035+00	584	Answer object (584)	3		11	3
594	2023-10-09 16:02:44.484156+00	583	Answer object (583)	3		11	3
595	2023-10-10 11:03:09.790806+00	612	Answer object (612)	3		11	3
596	2023-10-10 11:03:09.831381+00	611	Answer object (611)	3		11	3
597	2023-10-10 11:03:09.835611+00	610	Answer object (610)	3		11	3
598	2023-10-10 11:03:09.839738+00	609	Answer object (609)	3		11	3
599	2023-10-10 11:03:09.844434+00	608	Answer object (608)	3		11	3
600	2023-10-10 11:03:09.848628+00	607	Answer object (607)	3		11	3
601	2023-10-10 11:03:09.852794+00	606	Answer object (606)	3		11	3
602	2023-10-10 11:03:09.856928+00	605	Answer object (605)	3		11	3
603	2023-10-10 11:03:09.861378+00	604	Answer object (604)	3		11	3
604	2023-10-10 11:03:09.865975+00	603	Answer object (603)	3		11	3
605	2023-10-10 11:03:09.86999+00	602	Answer object (602)	3		11	3
606	2023-10-10 11:03:09.873933+00	601	Answer object (601)	3		11	3
607	2023-10-10 11:03:09.878031+00	600	Answer object (600)	3		11	3
608	2023-10-10 11:03:09.882143+00	599	Answer object (599)	3		11	3
609	2023-10-10 11:03:09.886673+00	598	Answer object (598)	3		11	3
610	2023-10-10 11:03:09.890816+00	597	Answer object (597)	3		11	3
611	2023-10-10 11:31:43.150806+00	620	Answer object (620)	3		11	3
612	2023-10-10 11:31:43.173589+00	619	Answer object (619)	3		11	3
613	2023-10-10 11:31:43.177911+00	618	Answer object (618)	3		11	3
614	2023-10-10 11:31:43.182391+00	617	Answer object (617)	3		11	3
615	2023-10-10 11:31:43.187304+00	616	Answer object (616)	3		11	3
616	2023-10-10 11:31:43.19194+00	615	Answer object (615)	3		11	3
617	2023-10-10 11:31:43.196424+00	614	Answer object (614)	3		11	3
618	2023-10-10 11:31:43.201326+00	613	Answer object (613)	3		11	3
619	2023-10-10 11:54:25.204047+00	630	Answer object (630)	3		11	3
620	2023-10-10 11:54:25.223999+00	629	Answer object (629)	3		11	3
621	2023-10-10 11:54:25.228382+00	628	Answer object (628)	3		11	3
622	2023-10-10 11:54:25.232666+00	627	Answer object (627)	3		11	3
623	2023-10-10 11:54:25.236904+00	626	Answer object (626)	3		11	3
624	2023-10-10 11:54:25.242708+00	625	Answer object (625)	3		11	3
625	2023-10-10 11:54:25.247021+00	624	Answer object (624)	3		11	3
626	2023-10-10 11:54:25.251291+00	623	Answer object (623)	3		11	3
627	2023-10-10 11:54:25.255831+00	622	Answer object (622)	3		11	3
628	2023-10-10 11:54:25.260225+00	621	Answer object (621)	3		11	3
629	2023-10-10 11:57:12.379531+00	654	Answer object (654)	3		11	3
630	2023-10-10 11:57:12.396953+00	653	Answer object (653)	3		11	3
631	2023-10-10 11:57:12.400953+00	652	Answer object (652)	3		11	3
632	2023-10-10 11:57:12.404901+00	651	Answer object (651)	3		11	3
633	2023-10-10 11:57:12.409097+00	650	Answer object (650)	3		11	3
634	2023-10-10 11:57:12.413643+00	649	Answer object (649)	3		11	3
635	2023-10-10 11:57:12.417822+00	648	Answer object (648)	3		11	3
636	2023-10-10 11:57:12.421821+00	647	Answer object (647)	3		11	3
637	2023-10-10 11:57:12.425894+00	646	Answer object (646)	3		11	3
638	2023-10-10 11:57:12.430497+00	645	Answer object (645)	3		11	3
639	2023-10-10 11:57:12.434542+00	644	Answer object (644)	3		11	3
640	2023-10-10 11:57:12.438581+00	643	Answer object (643)	3		11	3
641	2023-10-10 11:57:12.4425+00	642	Answer object (642)	3		11	3
642	2023-10-10 11:57:12.446493+00	641	Answer object (641)	3		11	3
643	2023-10-10 11:57:12.450541+00	640	Answer object (640)	3		11	3
644	2023-10-10 11:57:12.455128+00	639	Answer object (639)	3		11	3
645	2023-10-10 11:57:12.459252+00	638	Answer object (638)	3		11	3
646	2023-10-10 11:57:12.46337+00	637	Answer object (637)	3		11	3
647	2023-10-10 11:57:12.467323+00	636	Answer object (636)	3		11	3
648	2023-10-10 11:57:12.4712+00	635	Answer object (635)	3		11	3
649	2023-10-10 11:57:12.475732+00	634	Answer object (634)	3		11	3
650	2023-10-10 11:57:12.479909+00	633	Answer object (633)	3		11	3
651	2023-10-10 11:57:12.483941+00	632	Answer object (632)	3		11	3
652	2023-10-10 11:57:12.487897+00	631	Answer object (631)	3		11	3
653	2023-10-10 11:57:25.325121+00	63	falskjdfl	2	[{"changed": {"fields": ["Active"]}}]	9	3
654	2023-10-10 11:57:39.754504+00	64	dfasdf	2	[{"changed": {"fields": ["Active"]}}]	9	3
655	2023-10-11 14:56:08.008467+00	717	Answer object (717)	3		11	3
656	2023-10-11 14:56:08.041366+00	716	Answer object (716)	3		11	3
657	2023-10-17 09:05:00.877013+00	843	Answer object (843)	3		11	3
658	2023-10-17 09:05:00.923826+00	842	Answer object (842)	3		11	3
659	2023-10-17 09:05:00.927187+00	841	Answer object (841)	3		11	3
660	2023-10-25 10:14:13.051949+00	117	Bloque PANAS	2	[{"changed": {"fields": ["Active"]}}]	9	3
661	2023-10-25 10:14:30.096727+00	117	Bloque PANAS	2	[{"changed": {"fields": ["Active"]}}]	9	3
662	2023-10-25 10:14:36.424625+00	3	Bloque Satisfaccion	2	[{"changed": {"fields": ["Active"]}}]	9	3
663	2023-10-25 10:14:39.905253+00	4	Bloque Flourishing	2	[{"changed": {"fields": ["Active"]}}]	9	3
664	2023-10-25 10:14:47.700502+00	105	Bloque Satisfaccion semanal	2	[{"changed": {"fields": ["Active"]}}]	9	3
665	2023-10-25 10:14:53.241555+00	106	Bloque COVID-19	2	[{"changed": {"fields": ["Active"]}}]	9	3
666	2023-10-25 10:15:16.31427+00	116	Bloque Diario	2	[{"changed": {"fields": ["Active"]}}]	9	3
667	2023-10-26 10:37:19.538916+00	936	Answer object (936)	3		11	3
668	2023-10-26 10:37:19.570878+00	935	Answer object (935)	3		11	3
669	2023-10-26 10:37:19.574895+00	934	Answer object (934)	3		11	3
670	2023-10-26 10:37:19.579026+00	933	Answer object (933)	3		11	3
671	2023-10-26 10:37:19.583396+00	932	Answer object (932)	3		11	3
672	2023-10-26 10:37:19.588227+00	931	Answer object (931)	3		11	3
673	2023-10-26 10:37:19.592401+00	930	Answer object (930)	3		11	3
674	2023-10-26 10:37:19.596752+00	929	Answer object (929)	3		11	3
675	2023-10-26 10:37:19.602008+00	928	Answer object (928)	3		11	3
676	2023-10-26 10:44:18.879244+00	939	Answer object (939)	3		11	3
677	2023-10-26 10:44:18.906661+00	938	Answer object (938)	3		11	3
678	2023-10-26 10:44:18.9109+00	937	Answer object (937)	3		11	3
679	2023-10-26 10:44:18.914925+00	924	Answer object (924)	3		11	3
680	2023-10-26 10:44:18.918812+00	923	Answer object (923)	3		11	3
681	2023-10-26 10:44:18.923247+00	922	Answer object (922)	3		11	3
682	2023-10-26 10:44:18.927372+00	921	Answer object (921)	3		11	3
683	2023-10-26 10:44:18.931269+00	920	Answer object (920)	3		11	3
684	2023-10-26 10:44:18.93507+00	919	Answer object (919)	3		11	3
685	2023-10-26 10:44:18.938812+00	918	Answer object (918)	3		11	3
686	2023-10-26 10:44:18.94276+00	917	Answer object (917)	3		11	3
687	2023-10-26 10:44:18.946872+00	916	Answer object (916)	3		11	3
688	2023-10-26 10:44:18.95149+00	915	Answer object (915)	3		11	3
689	2023-10-26 10:44:18.955681+00	914	Answer object (914)	3		11	3
690	2023-10-26 10:44:18.959844+00	913	Answer object (913)	3		11	3
691	2023-10-26 10:44:18.964025+00	912	Answer object (912)	3		11	3
692	2023-10-26 10:44:18.968036+00	911	Answer object (911)	3		11	3
693	2023-10-26 10:44:18.972678+00	910	Answer object (910)	3		11	3
694	2023-10-26 10:44:18.977095+00	909	Answer object (909)	3		11	3
695	2023-10-26 10:44:18.981281+00	908	Answer object (908)	3		11	3
696	2023-10-26 10:44:18.98545+00	907	Answer object (907)	3		11	3
697	2023-10-26 10:44:18.989539+00	906	Answer object (906)	3		11	3
698	2023-10-26 10:44:18.993979+00	905	Answer object (905)	3		11	3
699	2023-10-26 10:44:18.998149+00	904	Answer object (904)	3		11	3
700	2023-10-26 10:44:19.002075+00	903	Answer object (903)	3		11	3
701	2023-10-26 10:44:19.006136+00	902	Answer object (902)	3		11	3
702	2023-10-26 10:44:19.010075+00	901	Answer object (901)	3		11	3
703	2023-10-26 10:44:19.014525+00	900	Answer object (900)	3		11	3
704	2023-10-26 10:44:19.018589+00	899	Answer object (899)	3		11	3
705	2023-10-26 10:44:19.022558+00	898	Answer object (898)	3		11	3
706	2023-10-26 10:44:19.026452+00	897	Answer object (897)	3		11	3
707	2023-10-26 10:44:19.030451+00	896	Answer object (896)	3		11	3
708	2023-10-26 10:44:19.034909+00	895	Answer object (895)	3		11	3
709	2023-10-26 10:44:19.039144+00	894	Answer object (894)	3		11	3
710	2023-10-26 10:44:19.043005+00	893	Answer object (893)	3		11	3
711	2023-10-26 10:44:19.04691+00	892	Answer object (892)	3		11	3
712	2023-10-26 10:44:19.0508+00	891	Answer object (891)	3		11	3
713	2023-10-26 10:44:19.054794+00	890	Answer object (890)	3		11	3
714	2023-10-26 10:44:19.058896+00	889	Answer object (889)	3		11	3
715	2023-10-26 10:44:19.063064+00	888	Answer object (888)	3		11	3
716	2023-10-26 10:44:19.067051+00	887	Answer object (887)	3		11	3
717	2023-10-26 10:44:19.07084+00	886	Answer object (886)	3		11	3
718	2023-10-26 10:44:19.074702+00	885	Answer object (885)	3		11	3
719	2023-10-26 10:44:19.078584+00	884	Answer object (884)	3		11	3
720	2023-10-26 10:44:19.082382+00	883	Answer object (883)	3		11	3
721	2023-10-26 10:44:19.086127+00	882	Answer object (882)	3		11	3
722	2023-10-26 10:44:19.090438+00	881	Answer object (881)	3		11	3
723	2023-10-26 10:44:19.094523+00	880	Answer object (880)	3		11	3
724	2023-10-26 10:44:19.098486+00	879	Answer object (879)	3		11	3
725	2023-10-26 10:44:19.102338+00	878	Answer object (878)	3		11	3
726	2023-10-26 10:44:19.106329+00	877	Answer object (877)	3		11	3
727	2023-10-26 10:44:19.110249+00	876	Answer object (876)	3		11	3
728	2023-10-26 10:44:19.113994+00	875	Answer object (875)	3		11	3
729	2023-10-26 10:44:19.11816+00	874	Answer object (874)	3		11	3
730	2023-10-26 10:44:19.122346+00	873	Answer object (873)	3		11	3
731	2023-10-26 10:44:19.126179+00	872	Answer object (872)	3		11	3
732	2023-10-26 10:44:19.129969+00	871	Answer object (871)	3		11	3
733	2023-10-26 10:44:19.133827+00	870	Answer object (870)	3		11	3
734	2023-10-26 10:44:19.137708+00	869	Answer object (869)	3		11	3
735	2023-10-26 10:44:19.141588+00	868	Answer object (868)	3		11	3
736	2023-10-26 10:44:19.145741+00	867	Answer object (867)	3		11	3
737	2023-10-26 10:44:19.149982+00	866	Answer object (866)	3		11	3
738	2023-10-26 10:44:19.154065+00	865	Answer object (865)	3		11	3
739	2023-10-26 10:44:19.157901+00	864	Answer object (864)	3		11	3
740	2023-10-26 10:44:19.161718+00	863	Answer object (863)	3		11	3
741	2023-10-26 10:44:19.165619+00	862	Answer object (862)	3		11	3
742	2023-10-26 10:44:19.169592+00	861	Answer object (861)	3		11	3
743	2023-10-26 10:44:19.173822+00	860	Answer object (860)	3		11	3
744	2023-10-26 10:44:19.177935+00	859	Answer object (859)	3		11	3
745	2023-10-26 10:44:19.181774+00	858	Answer object (858)	3		11	3
746	2023-10-26 10:44:19.185591+00	857	Answer object (857)	3		11	3
747	2023-10-26 10:44:19.189397+00	856	Answer object (856)	3		11	3
748	2023-10-26 10:44:19.193362+00	855	Answer object (855)	3		11	3
749	2023-10-26 10:44:19.197279+00	854	Answer object (854)	3		11	3
750	2023-10-26 10:44:19.20126+00	853	Answer object (853)	3		11	3
751	2023-10-26 10:44:19.205203+00	852	Answer object (852)	3		11	3
752	2023-10-26 10:44:19.209468+00	851	Answer object (851)	3		11	3
753	2023-10-26 10:44:19.213477+00	850	Answer object (850)	3		11	3
754	2023-10-26 10:44:19.217389+00	849	Answer object (849)	3		11	3
755	2023-10-26 10:44:19.221198+00	840	Answer object (840)	3		11	3
756	2023-10-26 10:44:19.225164+00	839	Answer object (839)	3		11	3
757	2023-10-26 10:44:19.229316+00	838	Answer object (838)	3		11	3
758	2023-10-26 10:44:19.233355+00	837	Answer object (837)	3		11	3
759	2023-10-26 10:44:19.237513+00	836	Answer object (836)	3		11	3
760	2023-10-26 10:44:19.241348+00	835	Answer object (835)	3		11	3
761	2023-10-26 10:44:19.245072+00	834	Answer object (834)	3		11	3
762	2023-10-26 10:44:19.24944+00	833	Answer object (833)	3		11	3
763	2023-10-26 10:44:19.253431+00	819	Answer object (819)	3		11	3
764	2023-10-26 10:44:19.258291+00	818	Answer object (818)	3		11	3
765	2023-10-26 10:44:19.262653+00	817	Answer object (817)	3		11	3
766	2023-10-26 10:44:19.266564+00	816	Answer object (816)	3		11	3
767	2023-10-26 10:44:19.270731+00	815	Answer object (815)	3		11	3
768	2023-10-26 10:44:19.274718+00	814	Answer object (814)	3		11	3
769	2023-10-26 10:44:19.278931+00	813	Answer object (813)	3		11	3
770	2023-10-26 10:44:19.28313+00	812	Answer object (812)	3		11	3
771	2023-10-26 10:44:19.287037+00	811	Answer object (811)	3		11	3
772	2023-10-26 10:44:19.294472+00	810	Answer object (810)	3		11	3
773	2023-10-26 10:44:19.298758+00	809	Answer object (809)	3		11	3
774	2023-10-26 10:44:19.30328+00	808	Answer object (808)	3		11	3
775	2023-10-26 10:44:19.310073+00	807	Answer object (807)	3		11	3
776	2023-10-26 10:44:27.322178+00	806	Answer object (806)	3		11	3
777	2023-10-26 10:44:27.338926+00	805	Answer object (805)	3		11	3
778	2023-10-26 10:44:27.343199+00	804	Answer object (804)	3		11	3
779	2023-10-26 10:44:27.346949+00	803	Answer object (803)	3		11	3
780	2023-10-26 10:44:27.35092+00	802	Answer object (802)	3		11	3
781	2023-10-26 10:44:27.354856+00	801	Answer object (801)	3		11	3
782	2023-10-26 10:44:27.359413+00	800	Answer object (800)	3		11	3
783	2023-10-26 10:44:27.363545+00	799	Answer object (799)	3		11	3
784	2023-10-26 10:44:27.367692+00	798	Answer object (798)	3		11	3
785	2023-10-26 10:44:27.371941+00	797	Answer object (797)	3		11	3
786	2023-10-26 10:44:27.37597+00	796	Answer object (796)	3		11	3
787	2023-10-26 10:44:27.380657+00	795	Answer object (795)	3		11	3
788	2023-10-26 10:44:27.38484+00	794	Answer object (794)	3		11	3
789	2023-10-26 10:44:27.389023+00	793	Answer object (793)	3		11	3
790	2023-10-26 10:44:27.393366+00	792	Answer object (792)	3		11	3
791	2023-10-26 10:44:27.397439+00	791	Answer object (791)	3		11	3
792	2023-10-26 10:44:27.401884+00	790	Answer object (790)	3		11	3
793	2023-10-26 10:44:27.406263+00	789	Answer object (789)	3		11	3
794	2023-10-26 10:44:27.41038+00	788	Answer object (788)	3		11	3
795	2023-10-26 10:44:27.414854+00	787	Answer object (787)	3		11	3
796	2023-10-26 10:44:27.419337+00	786	Answer object (786)	3		11	3
797	2023-10-26 10:44:27.423706+00	785	Answer object (785)	3		11	3
798	2023-10-26 10:44:27.427761+00	784	Answer object (784)	3		11	3
799	2023-10-26 10:44:27.431638+00	783	Answer object (783)	3		11	3
800	2023-10-26 10:44:27.435992+00	782	Answer object (782)	3		11	3
801	2023-10-26 10:44:27.440174+00	781	Answer object (781)	3		11	3
802	2023-10-26 10:44:27.444677+00	780	Answer object (780)	3		11	3
803	2023-10-26 10:44:27.448834+00	779	Answer object (779)	3		11	3
804	2023-10-26 10:44:27.453207+00	778	Answer object (778)	3		11	3
805	2023-10-26 10:44:27.4576+00	777	Answer object (777)	3		11	3
806	2023-10-26 10:44:27.461778+00	776	Answer object (776)	3		11	3
807	2023-10-26 10:44:27.466194+00	775	Answer object (775)	3		11	3
808	2023-10-26 10:44:27.470973+00	774	Answer object (774)	3		11	3
809	2023-10-26 10:44:27.475313+00	773	Answer object (773)	3		11	3
810	2023-10-26 10:44:27.479675+00	772	Answer object (772)	3		11	3
811	2023-10-26 10:44:27.483949+00	771	Answer object (771)	3		11	3
812	2023-10-26 10:44:27.487957+00	770	Answer object (770)	3		11	3
813	2023-10-26 10:44:27.492473+00	769	Answer object (769)	3		11	3
814	2023-10-26 10:44:27.496551+00	768	Answer object (768)	3		11	3
815	2023-10-26 10:44:27.500694+00	767	Answer object (767)	3		11	3
816	2023-10-26 10:44:27.505205+00	766	Answer object (766)	3		11	3
817	2023-10-26 10:44:27.509539+00	765	Answer object (765)	3		11	3
818	2023-10-26 10:44:27.513971+00	764	Answer object (764)	3		11	3
819	2023-10-26 10:44:27.517974+00	763	Answer object (763)	3		11	3
820	2023-10-26 10:44:27.521955+00	762	Answer object (762)	3		11	3
821	2023-10-26 10:44:27.526556+00	761	Answer object (761)	3		11	3
822	2023-10-26 10:44:27.530732+00	758	Answer object (758)	3		11	3
823	2023-10-26 10:44:27.534757+00	757	Answer object (757)	3		11	3
824	2023-10-26 10:44:27.538667+00	756	Answer object (756)	3		11	3
825	2023-10-26 10:44:27.542535+00	755	Answer object (755)	3		11	3
826	2023-10-26 10:44:27.546878+00	754	Answer object (754)	3		11	3
827	2023-10-26 10:44:27.551167+00	753	Answer object (753)	3		11	3
828	2023-10-26 10:44:27.555199+00	752	Answer object (752)	3		11	3
829	2023-10-26 10:44:27.559122+00	751	Answer object (751)	3		11	3
830	2023-10-26 10:44:27.562993+00	750	Answer object (750)	3		11	3
831	2023-10-26 10:44:27.566984+00	749	Answer object (749)	3		11	3
832	2023-10-26 10:44:27.570991+00	748	Answer object (748)	3		11	3
833	2023-10-26 10:44:27.575496+00	747	Answer object (747)	3		11	3
834	2023-10-26 10:44:27.579587+00	746	Answer object (746)	3		11	3
835	2023-10-26 10:44:27.583608+00	745	Answer object (745)	3		11	3
836	2023-10-26 10:44:27.587581+00	744	Answer object (744)	3		11	3
837	2023-10-26 10:44:27.591604+00	743	Answer object (743)	3		11	3
838	2023-10-26 10:44:27.5961+00	742	Answer object (742)	3		11	3
839	2023-10-26 10:44:27.60011+00	741	Answer object (741)	3		11	3
840	2023-10-26 10:44:27.604109+00	740	Answer object (740)	3		11	3
841	2023-10-26 10:44:27.607985+00	739	Answer object (739)	3		11	3
842	2023-10-26 10:44:27.611904+00	738	Answer object (738)	3		11	3
843	2023-10-26 10:44:27.616078+00	737	Answer object (737)	3		11	3
844	2023-10-26 10:44:27.620119+00	736	Answer object (736)	3		11	3
845	2023-10-26 10:44:27.624416+00	685	Answer object (685)	3		11	3
846	2023-10-26 10:44:27.628481+00	684	Answer object (684)	3		11	3
847	2023-10-26 10:44:27.632374+00	683	Answer object (683)	3		11	3
848	2023-10-26 10:44:27.636284+00	682	Answer object (682)	3		11	3
849	2023-10-26 10:44:27.64039+00	681	Answer object (681)	3		11	3
850	2023-10-26 10:44:27.6451+00	680	Answer object (680)	3		11	3
851	2023-10-26 10:44:27.649096+00	679	Answer object (679)	3		11	3
852	2023-10-26 10:44:27.65297+00	678	Answer object (678)	3		11	3
853	2023-10-26 10:44:27.656883+00	662	Answer object (662)	3		11	3
854	2023-10-26 10:44:27.660772+00	661	Answer object (661)	3		11	3
855	2023-10-26 10:44:27.664962+00	660	Answer object (660)	3		11	3
856	2023-10-26 10:44:27.669349+00	659	Answer object (659)	3		11	3
857	2023-10-26 10:44:27.673535+00	658	Answer object (658)	3		11	3
858	2023-10-26 10:44:27.677527+00	657	Answer object (657)	3		11	3
859	2023-10-26 10:44:27.681307+00	656	Answer object (656)	3		11	3
860	2023-10-26 10:44:27.685291+00	655	Answer object (655)	3		11	3
861	2023-10-26 15:05:05.58265+00	977	Answer object (977)	3		11	3
862	2023-10-26 15:05:05.60145+00	976	Answer object (976)	3		11	3
863	2023-10-26 15:05:05.605439+00	975	Answer object (975)	3		11	3
864	2023-10-26 15:05:05.609397+00	974	Answer object (974)	3		11	3
865	2023-10-26 15:05:05.613381+00	973	Answer object (973)	3		11	3
866	2023-10-26 15:05:05.617696+00	972	Answer object (972)	3		11	3
867	2023-10-26 15:05:05.621746+00	971	Answer object (971)	3		11	3
868	2023-10-26 15:05:05.626272+00	970	Answer object (970)	3		11	3
869	2023-10-26 15:05:05.630834+00	969	Answer object (969)	3		11	3
870	2023-10-26 15:05:05.635075+00	968	Answer object (968)	3		11	3
871	2023-10-26 15:05:05.639408+00	967	Answer object (967)	3		11	3
872	2023-10-26 15:05:05.643752+00	966	Answer object (966)	3		11	3
873	2023-10-26 15:05:05.648243+00	965	Answer object (965)	3		11	3
874	2023-10-26 15:05:05.65276+00	955	Answer object (955)	3		11	3
875	2023-10-26 15:05:05.656832+00	954	Answer object (954)	3		11	3
876	2023-10-26 15:05:05.660849+00	953	Answer object (953)	3		11	3
877	2023-10-26 15:05:05.664935+00	952	Answer object (952)	3		11	3
878	2023-10-26 15:05:05.669104+00	951	Answer object (951)	3		11	3
879	2023-10-26 15:17:25.910742+00	964	Answer object (964)	3		11	3
880	2023-10-26 15:17:25.930217+00	963	Answer object (963)	3		11	3
881	2023-10-26 15:17:25.934195+00	962	Answer object (962)	3		11	3
882	2023-10-26 15:17:25.938449+00	961	Answer object (961)	3		11	3
883	2023-10-26 15:17:25.942617+00	960	Answer object (960)	3		11	3
884	2023-10-26 15:17:25.947053+00	959	Answer object (959)	3		11	3
885	2023-10-26 15:17:25.95128+00	958	Answer object (958)	3		11	3
886	2023-10-26 15:17:25.95523+00	957	Answer object (957)	3		11	3
887	2023-10-26 15:17:25.959127+00	956	Answer object (956)	3		11	3
888	2023-10-26 15:17:25.963079+00	950	Answer object (950)	3		11	3
889	2023-10-26 15:17:25.967204+00	949	Answer object (949)	3		11	3
890	2023-10-26 15:17:25.97142+00	948	Answer object (948)	3		11	3
891	2023-10-26 15:17:25.975503+00	947	Answer object (947)	3		11	3
892	2023-10-26 15:17:25.979348+00	946	Answer object (946)	3		11	3
893	2023-10-26 15:17:25.983238+00	945	Answer object (945)	3		11	3
894	2023-10-26 15:17:25.987553+00	944	Answer object (944)	3		11	3
895	2023-10-26 15:17:25.992533+00	943	Answer object (943)	3		11	3
896	2023-10-26 15:17:25.997183+00	942	Answer object (942)	3		11	3
897	2023-10-26 15:17:26.001572+00	941	Answer object (941)	3		11	3
898	2023-10-26 15:17:26.006378+00	940	Answer object (940)	3		11	3
\.


--
-- Data for Name: django_content_type; Type: TABLE DATA; Schema: public; Owner: postgres
--

COPY public.django_content_type (id, app_label, model) FROM stdin;
1	admin	logentry
2	auth	permission
3	auth	group
4	contenttypes	contenttype
5	sessions	session
6	usuarios	user
7	usuarios	suscriber
8	questions	question
9	questions	questionblock
10	questions	posibleanswers
11	answers	answer
12	contexts	context
13	contexts	message
\.


--
-- Data for Name: django_migrations; Type: TABLE DATA; Schema: public; Owner: postgres
--

COPY public.django_migrations (id, app, name, applied) FROM stdin;
1	usuarios	0001_initial	2023-07-11 16:12:27.581732+00
2	contenttypes	0001_initial	2023-07-11 16:12:27.621284+00
3	admin	0001_initial	2023-07-11 16:12:27.700997+00
4	admin	0002_logentry_remove_auto_add	2023-07-11 16:12:27.707396+00
5	admin	0003_logentry_add_action_flag_choices	2023-07-11 16:12:27.712967+00
6	contenttypes	0002_remove_content_type_name	2023-07-11 16:12:27.727454+00
7	auth	0001_initial	2023-07-11 16:12:27.886497+00
8	auth	0002_alter_permission_name_max_length	2023-07-11 16:12:27.904389+00
9	auth	0003_alter_user_email_max_length	2023-07-11 16:12:27.912982+00
10	auth	0004_alter_user_username_opts	2023-07-11 16:12:27.921041+00
11	auth	0005_alter_user_last_login_null	2023-07-11 16:12:27.928316+00
12	auth	0006_require_contenttypes_0002	2023-07-11 16:12:27.932863+00
13	auth	0007_alter_validators_add_error_messages	2023-07-11 16:12:27.940225+00
14	auth	0008_alter_user_username_max_length	2023-07-11 16:12:27.946732+00
15	auth	0009_alter_user_last_name_max_length	2023-07-11 16:12:27.953811+00
16	auth	0010_alter_group_name_max_length	2023-07-11 16:12:27.964349+00
17	auth	0011_update_proxy_permissions	2023-07-11 16:12:27.973227+00
18	auth	0012_alter_user_first_name_max_length	2023-07-11 16:12:27.980086+00
19	usuarios	0002_user_groups_user_is_staff_user_is_superuser_and_more	2023-07-11 16:12:28.13354+00
20	contexts	0001_initial	2023-07-11 16:12:28.1966+00
21	questions	0001_initial	2023-07-11 16:12:28.418393+00
22	answers	0001_initial	2023-07-11 16:12:28.438584+00
23	answers	0002_initial	2023-07-11 16:12:28.496518+00
24	questions	0002_alter_questionblock_context	2023-07-11 16:12:28.509648+00
25	sessions	0001_initial	2023-07-11 16:12:28.585276+00
26	questions	0003_questionblock_importance	2023-07-12 17:55:06.916447+00
27	questions	0004_questionblock_time_alter_questionblock_importance	2023-09-24 07:19:25.02541+00
28	questions	0005_alter_questionblock_time	2023-09-24 07:19:25.065978+00
29	usuarios	0003_alter_suscriber_name	2023-09-24 07:19:25.071473+00
30	questions	0006_questionblock_days	2023-09-26 11:11:04.49703+00
31	questions	0007_alter_questionblock_frecuency	2023-10-03 09:08:48.651588+00
32	questions	0008_questionblock_date	2023-10-09 15:17:28.73162+00
33	questions	0009_remove_questionblock_date	2023-10-09 15:32:06.632154+00
34	questions	0010_alter_questionblock_time	2023-10-09 15:42:35.054909+00
35	questions	0011_alter_questionblock_time	2023-10-09 15:46:19.732745+00
36	questions	0012_questionblock_create_questionblock_creator	2023-10-10 11:06:06.527379+00
37	answers	0003_answer_block	2023-10-10 11:06:06.571593+00
38	questions	0013_questionblock_active_time	2023-10-10 15:07:13.718158+00
39	questions	0014_rename_active_time_questionblock_duration	2023-10-10 15:30:17.144069+00
40	answers	0004_alter_answer_block	2023-10-11 14:39:45.869543+00
41	answers	0005_alter_answer_block	2023-10-18 11:33:05.737545+00
42	answers	0006_alter_answer_block	2023-10-18 11:42:42.403665+00
43	answers	0007_alter_answer_block	2023-10-19 09:36:47.710979+00
44	questions	0015_questionblock_operating	2023-10-26 10:10:54.772864+00
\.


--
-- Data for Name: django_session; Type: TABLE DATA; Schema: public; Owner: postgres
--

COPY public.django_session (session_key, session_data, expire_date) FROM stdin;
y8zfb1jjcypf86xip61d0lqy9h3qriqf	.eJxVjDsOwjAQBe_iGlnxbvDGlPQ5g7XrDw4gR4qTCnF3iJQC2jcz76U8b2vxW0uLn6K6KFSn3004PFLdQbxzvc06zHVdJtG7og_a9DjH9Lwe7t9B4Va-NfXRRpvIGIcArhMQAZtFjGFOmTo0iWhgR4SUAWnIDBhDDr07i8nq_QHXMzfX:1qxmHS:_Prx_iKKwAKlqTOmNZe8iYoZGZI5NO1i4B07bnQIvUc	2023-10-31 11:17:30.237126+00
l736kks93nd8brhasr094p6prkbw3grd	.eJxVjDsOwjAQBe_iGlnxbvDGlPQ5g7XrDw4gR4qTCnF3iJQC2jcz76U8b2vxW0uLn6K6KFSn3004PFLdQbxzvc06zHVdJtG7og_a9DjH9Lwe7t9B4Va-NfXRRpvIGIcArhMQAZtFjGFOmTo0iWhgR4SUAWnIDBhDDr07i8nq_QHXMzfX:1qwIaC:yaaLIn_o0NyMNEtxRHGtmMP7gxshWd5rLzEdHVTr6Is	2023-10-27 08:53:14.405832+00
3u4p7ukfu2e6gddz4jqmgw00xnmwm5kh	.eJxVjDsOwjAQBe_iGlnxbvDGlPQ5g7XrDw4gR4qTCnF3iJQC2jcz76U8b2vxW0uLn6K6KFSn3004PFLdQbxzvc06zHVdJtG7og_a9DjH9Lwe7t9B4Va-NfXRRpvIGIcArhMQAZtFjGFOmTo0iWhgR4SUAWnIDBhDDr07i8nq_QHXMzfX:1qwK0q:hARHzRTwc3IAfMtlklCm2LolxDSk6GYgHyNCXbbfWbI	2023-10-27 10:54:20.210243+00
5nx486gzy9xsfxsaeoqftjg718lnkdoa	.eJxVjMsOwiAQRf-FtSHyBpfu-w0EZgapGkhKuzL-uzbpQrf3nHNfLKZtrXEbtMQZ2YUJdvrdcoIHtR3gPbVb59DbusyZ7wo_6OBTR3peD_fvoKZRvzV4gwaUVyFowkxSO200CG8tgZZeSIvoICvjEhUrzgVyCc4bTdIDFfb-AN3ZOCM:1qKaga:TxuvODuVy8Lut2HUyAREz2UVduKq7IonIjtGx46pzH0	2023-07-29 08:31:28.006053+00
oxp73atdnfx3wto5mp6h3gc4xxbe95oj	.eJxVjMsOwiAQRf-FtSHyBpfu-w0EZgapGkhKuzL-uzbpQrf3nHNfLKZtrXEbtMQZ2YUJdvrdcoIHtR3gPbVb59DbusyZ7wo_6OBTR3peD_fvoKZRvzV4gwaUVyFowkxSO200CG8tgZZeSIvoICvjEhUrzgVyCc4bTdIDFfb-AN3ZOCM:1qO12b:jt00BibYCMazkyCpDKxMSiJH2FOBgiT7i-QXYc0kk1o	2023-08-07 19:16:21.606015+00
vnspj6zronh2k79yz97yrj5sie47m2ot	.eJxVjEEOwiAQRe_C2pCBghSX7j0DYWZAqgaS0q6Md7dNutDtf-_9twhxXUpYe5rDxOIitDj9bhjpmeoO-BHrvUlqdZknlLsiD9rlrXF6XQ_376DEXraaMnqyQJm00XawrA2orJJBZq8yZYgjOBjOGdA6BscKwW2A02D9aMXnC_evOCA:1qPn42:GW277CYCc8eKGCgEpH-YsffKoDxOTWgmm6nD_h1mKcM	2023-08-12 16:45:10.286331+00
fkx35a464c578oa7yym4jl1g9rkblvia	.eJxVjEEOwiAQRe_C2pCBghSX7j0DYWZAqgaS0q6Md7dNutDtf-_9twhxXUpYe5rDxOIitDj9bhjpmeoO-BHrvUlqdZknlLsiD9rlrXF6XQ_376DEXraaMnqyQJm00XawrA2orJJBZq8yZYgjOBjOGdA6BscKwW2A02D9aMXnC_evOCA:1qPnNN:DKBF2DEDF_kyPYE0Ck4b_Tq4M_qe84EtnT1_YS8BJU4	2023-08-12 17:05:09.542101+00
4g6s5ebcdvwr2mhux8d17ktyu0d033bm	.eJxVjMsOwiAQRf-FtSHyBpfu-w0EZgapGkhKuzL-uzbpQrf3nHNfLKZtrXEbtMQZ2YUJdvrdcoIHtR3gPbVb59DbusyZ7wo_6OBTR3peD_fvoKZRvzV4gwaUVyFowkxSO200CG8tgZZeSIvoICvjEhUrzgVyCc4bTdIDFfb-AN3ZOCM:1qRDoa:VZ7DyMiQH4d6QxdAgxu_HUHYT2jC4GnHSlCfQlVNBvs	2023-08-16 15:31:08.552061+00
gop41j1uspjywx5y1i6ypi0gdolxqa3w	.eJxVjM0OwiAQhN-FsyHAArIevfsMZPmTqqFJaU_Gd5cmPehlkplvZt7M07ZWv_W8-CmxCwN2-s0CxWduO0gPaveZx7mtyxT4XuEH7fw2p_y6Ht2_g0q9jrUWYCmWYlCYLIdSNEmjw6CcpiJBgA5ocPizTqIQZHQ2KDQGlLSFfb7LPTb0:1qsJAf:JhujFKcdQfzL13HkKyucQJmq5nsmtB4JoO-TZTU4mgs	2023-10-30 08:41:53.235852+00
daylbke6ef1yt7y462mtv4ugsqjzkbba	.eJxVjM0OwiAQhN-FsyHAArIevfsMZPmTqqFJaU_Gd5cmPehlkplvZt7M07ZWv_W8-CmxCwN2-s0CxWduO0gPaveZx7mtyxT4XuEH7fw2p_y6Ht2_g0q9jrUWYCmWYlCYLIdSNEmjw6CcpiJBgA5ocPizTqIQZHQ2KDQGlLSFfb7LPTb0:1qsfiZ:n1VcONSlccV20Xh2eH9rC4F9lAa_X-nLU5hbzi64lFU	2023-10-31 08:46:23.166163+00
f1aw5tkny9p0wwn85mqj8n43u3secn1m	.eJxVjL0OwiAURt-F2RD-EUf3PgO5lwtSNTQp7WR8dyXpoMO3fOfkvFiEfatx73mNM7EL0-z0-yGkR24D0B3abeFpads6Ix8KP2jn00L5eT3cv0CFXkdWeV9AGZvpu-JBgzwDksZAxUhpitLeh2KVAKOtDTYJ5zCIoCkjOPb-AOF3N6Y:1qgjJX:plRf-_33Gxmhhk2aUc_V1CBccAsMZeCdILUySuf8EP4	2023-09-28 10:11:11.260923+00
5p9pe68qzejksuw7zkxkp8p1sol24pcv	.eJxVjDsOwjAQBe_iGlnxbvDGlPQ5g7XrDw4gR4qTCnF3iJQC2jcz76U8b2vxW0uLn6K6KFSn3004PFLdQbxzvc06zHVdJtG7og_a9DjH9Lwe7t9B4Va-NfXRRpvIGIcArhMQAZtFjGFOmTo0iWhgR4SUAWnIDBhDDr07i8nq_QHXMzfX:1qwIYH:BBCsMyf7rf9cCMJWQ8vY_VTWSlKUQ0CaMCAgXOwPRJM	2023-10-27 08:51:15.495919+00
kjkvbtu2btu2skykootqg7ilb2g42z7l	.eJxVjL0OwiAURt-F2RD-EUf3PgO5lwtSNTQp7WR8dyXpoMO3fOfkvFiEfatx73mNM7EL0-z0-yGkR24D0B3abeFpads6Ix8KP2jn00L5eT3cv0CFXkdWeV9AGZvpu-JBgzwDksZAxUhpitLeh2KVAKOtDTYJ5zCIoCkjOPb-AOF3N6Y:1qgjwt:AAM8rWdlGqKj1rdDb5Q_iAnAQVWi3ekfMoTuDfQ1M7Y	2023-09-28 10:51:51.503066+00
\.


--
-- Data for Name: questions_posibleanswers; Type: TABLE DATA; Schema: public; Owner: postgres
--

COPY public.questions_posibleanswers (id, texto, question_id) FROM stdin;
583	Muy insatisfecho	65
584	Insatisfecho	65
3	Nada o muy ligeramente	2
4	Un poco	2
5	Moderadamente	2
6	Bastante	2
7	Mucho	2
8	Nada o muy ligeramente	3
9	Un poco	3
10	Moderadamente	3
11	Bastante	3
12	Mucho	3
13	Nada o muy ligeramente	4
14	Un poco	4
15	Moderadamente	4
16	Bastante	4
17	Mucho	4
18	Nada o muy ligeramente	5
19	Un poco	5
20	Moderadamente	5
21	Bastante	5
22	Mucho	5
23	Nada o muy ligeramente	6
24	Un poco	6
25	Moderadamente	6
26	Bastante	6
27	Mucho	6
28	Nada o muy ligeramente	7
29	Un poco	7
30	Moderadamente	7
31	Bastante	7
32	Mucho	7
33	Nada o muy ligeramente	8
34	Un poco	8
35	Moderadamente	8
36	Bastante	8
37	Mucho	8
38	Nada o muy ligeramente	9
39	Un poco	9
40	Moderadamente	9
41	Bastante	9
42	Mucho	9
43	Nada o muy ligeramente	10
44	Un poco	10
45	Moderadamente	10
46	Bastante	10
47	Mucho	10
48	Nada o muy ligeramente	11
49	Un poco	11
50	Moderadamente	11
51	Bastante	11
52	Mucho	11
585	Satisfecho	65
77	Totalmente en desacuerdo	20
78	Ligeramente en desacuerdo	20
79	Ni de acuerdo ni en desacuerdo	20
80	Ligeramente de acuerdo	20
81	De acuerdo	20
82	Totalmente en desacuerdo	21
83	Ligeramente en desacuerdo	21
84	Ni de acuerdo ni en desacuerdo	21
85	Ligeramente de acuerdo	21
86	De acuerdo	21
87	Totalmente en desacuerdo	22
88	Ligeramente en desacuerdo	22
89	Ni de acuerdo ni en desacuerdo	22
90	Ligeramente de acuerdo	22
91	De acuerdo	22
92	Totalmente en desacuerdo	23
93	Ligeramente en desacuerdo	23
94	Ni de acuerdo ni en desacuerdo	23
95	Ligeramente de acuerdo	23
96	De acuerdo	23
97	Totalmente en desacuerdo	24
98	Ligeramente en desacuerdo	24
99	Ni de acuerdo ni en desacuerdo	24
100	Ligeramente de acuerdo	24
101	De acuerdo	24
102	Totalmente en desacuerdo	25
103	Ligeramente en desacuerdo	25
104	Ni de acuerdo ni en desacuerdo	25
105	Ligeramente de acuerdo	25
106	De acuerdo	25
107	Totalmente en desacuerdo	26
108	Ligeramente en desacuerdo	26
109	Ni de acuerdo ni en desacuerdo	26
110	Ligeramente de acuerdo	26
111	De acuerdo	26
112	Ningun dia	27
113	Varios dias	27
114	Mas de la mitad de los dias	27
115	casi todos los dias	27
116	Ningun dia	28
117	Varios dias	28
118	Mas de la mitad de los dias	28
119	casi todos los dias	28
120	Ningun dia	29
121	Varios dias	29
122	Mas de la mitad de los dias	29
123	casi todos los dias	29
124	Ningun dia	30
125	Varios dias	30
126	Mas de la mitad de los dias	30
127	casi todos los dias	30
128	Ningun dia	31
129	Varios dias	31
130	Mas de la mitad de los dias	31
131	casi todos los dias	31
132	Ningun dia	32
133	Varios dias	32
134	Mas de la mitad de los dias	32
135	casi todos los dias	32
136	Ningun dia	33
137	Varios dias	33
138	Mas de la mitad de los dias	33
139	casi todos los dias	33
140	Ningun dia	34
141	Varios dias	34
142	Mas de la mitad de los dias	34
143	casi todos los dias	34
144	Ningun dia	35
145	Varios dias	35
146	Mas de la mitad de los dias	35
147	casi todos los dias	35
586	Muy insatisfecho	63
587	Insatisfecho	63
588	Satisfecho	63
511	Totalmente en desacuerdo	73
512	En desacuerdo	73
513	Ligeramente en desacuerdo	73
514	Ni de acuerdo ni en desacuerdo	73
515	Ligeramente de acuerdo	73
516	De acuerdo	73
517	Totalmente de acuerdo	73
176	Totalmente en desacuerdo	43
177	Bastante en desacuerdo	43
178	Indiferente	43
179	Bastante de acuerdo	43
180	 Totalmente de acuerdo	43
181	Totalmente en desacuerdo	44
182	Bastante en desacuerdo	44
183	Indiferente	44
184	Bastante de acuerdo	44
185	Totalmente de acuerdo	44
191	Totalmente en desacuerdo	46
192	Bastante en desacuerdo	46
193	Indiferente	46
194	Bastante de acuerdo	46
195	Totalmente de acuerdo	46
196	Totalmente en desacuerdo	47
197	Bastante en desacuerdo	47
198	Indiferente	47
199	Bastante de acuerdo	47
200	Totalmente de acuerdo	47
201	Totalmente en desacuerdo	48
202	Bastante en desacuerdo	48
203	Indiferente	48
204	Bastante de acuerdo	48
205	Totalmente de acuerdo	48
206	Totalmente en desacuerdo	49
207	Bastante en desacuerdo	49
208	Indiferente	49
209	Bastante de acuerdo	49
210	Totalmente de acuerdo	49
216	Sin energía	51
217	Poca energía	51
218	Normal	51
219	Algo de energía	51
220	Lleno/a de energía	51
221	Muy tranquilo/a	52
222	Tranquilo/a	52
223	Normal	52
224	Inquieto/a	52
225	Muy inquieto/a	52
226	Si, muy desagradable	53
227	No	53
228	Si	53
229	Si, muy agradable	53
230	No tengo sintomas	54
231	Tengo sintomas pero no me han diagnosticado	54
232	Me han diagnosticado	54
233	Empleado/a	55
234	Autonomo/a	55
235	Desempleado/a	55
236	Estudiante	55
237	Jubilado/a	55
238	Otro	55
239	Sin cambios	56
240	Teletrabajo exclusivo	56
241	Teletrabajo parcial	56
242	Jornada laboral reducida	56
243	Jornada laboral aumentada	56
244	Regulacion temporal de empleo	56
245	Despedido/a	56
246	Nuevo empleo	56
247	Otro	56
248	Menos de 2h	57
249	2 a 4h	57
250	4 a 6h	57
251	6 a 8h	57
252	Mas	57
253	No estoy vacunado/a	58
254	Me falta una dosis de la vacuna	58
255	Estoy vacunado/a completamente	58
256	Muy insatisfecho	59
257	Insatisfecho	59
258	Satisfecho	59
259	Muy insatisfecho	60
260	Insatisfecho	60
261	Satisfecho	60
262	Muy insatisfecho	61
263	Insatisfecho	61
264	Satisfecho	61
265	Muy insatisfecho	62
266	Insatisfecho	62
267	Satisfecho	62
271	Muy insatisfecho	64
272	Insatisfecho	64
273	Satisfecho	64
291	Nunca es verdad	68
292	Muy raramente es verdad	68
293	Raramente es verdad	68
294	A veces es verdad	68
295	Frecuentemente es verdad	68
296	Casi siempre es verdad	68
297	Siempre es verdad	68
298	Nunca es verdad	69
299	Muy raramente es verdad	69
300	Raramente es verdad	69
301	A veces es verdad	69
302	Frecuentemente es verdad	69
303	Casi siempre es verdad	69
304	Siempre es verdad	69
305	Nunca es verdad	70
306	Muy raramente es verdad	70
307	Raramente es verdad	70
308	A veces es verdad	70
309	Frecuentemente es verdad	70
310	Casi siempre es verdad	70
311	Siempre es verdad	70
312	Nunca es verdad	71
313	Muy raramente es verdad	71
314	Raramente es verdad	71
315	A veces es verdad	71
316	Frecuentemente es verdad	71
317	Casi siempre es verdad	71
318	Siempre es verdad	71
319	Nunca es verdad	72
320	Muy raramente es verdad	72
321	Raramente es verdad	72
322	A veces es verdad	72
323	Frecuentemente es verdad	72
324	Casi siempre es verdad	72
325	Siempre es verdad	72
333	Ningun dia	42
334	Varios dias	42
335	Mas de la mitad de los dias	42
336	Casi todos los dias	42
337	Ningun dia	41
338	Varios dias	41
339	Mas de la mitad de los dias	41
340	Casi todos los dias	41
341	Ningun dia	40
342	Varios dias	40
343	Mas de la mitad de los dias	40
344	Casi todos los dias	40
345	Ningun dia	39
346	Varios dias	39
347	Mas de la mitad de los dias	39
348	Casi todos los dias	39
349	Ningun dia	38
350	Varios dias	38
351	Mas de la mitad de los dias	38
352	Casi todos los dias	38
353	Ningun dia	37
354	Varios dias	37
355	Mas de la mitad de los dias	37
356	Casi todos los dias	37
357	Ningun dia	36
358	Varios dias	36
359	Mas de la mitad de los dias	36
360	Casi todos los dias	36
361	Muy insatisfecho	12
362	Insatisfecho	12
363	Satisfecho	12
364	Muy satisfecho	12
365	Muy insatisfecho	13
366	Insatisfecho	13
367	Satisfecho	13
368	Muy satisfecho	13
369	Muy insatisfecho	15
370	Insatisfecho	15
371	Satisfecho	15
372	Muy satisfecho	15
373	Muy insatisfecho	16
374	Insatisfecho	16
375	Satisfecho	16
376	Muy satisfecho	16
381	Muy insatisfecho	19
382	Insatisfecho	19
383	Satisfecho	19
384	Muy satisfecho	19
385	Muy insatisfecho	17
386	Insatisfecho	17
387	Satisfecho	17
388	Muy satisfecho	17
389	Muy insatisfecho	18
390	Insatisfecho	18
391	Satisfecho	18
392	Muy satisfecho	18
393	Muy insatisfecho	14
394	Insatisfecho	14
395	Satisfecho	14
396	Muy satisfecho	14
397	Nunca es verdad	67
398	Muy raramente es verdad	67
399	Raramente es verdad	67
400	A veces es verdad	67
401	Frecuentemente es verdad	67
402	Casi siempre es verdad	67
403	Siempre es verdad	67
404	Nunca es verdad	66
405	Muy raramente es verdad	66
406	Raramente es verdad	66
407	A veces es verdad	66
408	Frecuentemente es verdad	66
409	Casi siempre es verdad	66
410	Siempre es verdad	66
411	Muy mal	50
412	Mal	50
413	Ni mal ni bien	50
414	Bien	50
415	Muy bien	50
\.


--
-- Data for Name: questions_question; Type: TABLE DATA; Schema: public; Owner: postgres
--

COPY public.questions_question (id, title, "create", creator_id) FROM stdin;
65	El área donde vives	2023-07-12 16:29:43.79022+00	1
27	Has tenido poco interes o placer en hacer cosas	2023-07-12 11:43:05.906996+00	1
28	Te has sentido decaído/a, deprimido/a o sin esperanzas	2023-07-12 11:43:13.696664+00	1
63	Tu salud física	2023-07-12 16:29:24.4249+00	1
10	Miedoso/a	2023-07-12 11:23:34.065755+00	1
18	En general, ¿que tan satisfecho/a estas con tu salud mental?	2023-07-12 11:27:10.655114+00	1
47	Es dificil para mi recuperarme cuando me ocurre algo malo	2023-07-12 12:09:33.946902+00	1
22	Me implico y me intereso en mis actividades diarias	2023-07-12 11:35:04.809401+00	1
15	En general, ¿que tan satisfecho/a estas con tu situación financiera?	2023-07-12 11:26:25.668043+00	1
17	En general, ¿qué tan satisfecho/a estás con tu salud física?	2023-07-12 11:26:55.594956+00	1
70	Mis emociones interfieren en como me gustaria que fuera mi vida	2023-07-12 16:33:40.485577+00	1
52	¿Podrías decirme como te sientes en ese momento?	2023-07-12 16:13:03.606053+00	1
16	En general, ¿que tan satisfecho/a estás con tu tiempo libre?	2023-07-12 11:26:41.355655+00	1
12	En general, ¿que tan satisfecho/a estás con tu vida?	2023-07-12 11:25:09.563069+00	1
32	Te has sentido mal contigo mismo/a - o que eres un fracaso o que has quedado mal contigo mismo/a o con tu familia	2023-07-12 11:45:00.240836+00	1
62	Tu tiempo libre	2023-07-12 16:29:12.46508+00	1
25	Veo mi futuro con optimismo	2023-07-12 11:35:58.107906+00	1
50	¿Como te sientes ahora?	2023-07-12 16:05:56.294673+00	1
49	Suelo tardar mucho tiempo en recuperarme de los contratiempos que me ocurren en mi vida	2023-07-12 12:10:11.403074+00	1
36	Te has sentido nervioso/a, ansioso/a o con los pelos de punta	2023-07-12 12:00:09.936109+00	1
20	Mi objetivo es conseguir una vida plena y significativa	2023-07-12 11:34:34.901205+00	1
38	Te has preocupado demasiado por motivos diferentes	2023-07-12 12:01:11.448289+00	1
23	Contribuyo activamente a la felicidad y el bienestar del otro	2023-07-12 11:35:28.132128+00	1
67	Tengo miedo de mis sentimientos	2023-07-12 16:32:49.147522+00	1
19	En general, ¿que tan satisfecho/a estas con el área donde vive?	2023-07-12 11:27:28.134607+00	1
69	Mis recuerdos dolorosos me impiden llevar una vida plena	2023-07-12 16:33:20.90175+00	1
37	No has podido parar o controlar tu preocupación	2023-07-12 12:00:41.406736+00	1
42	Has sentido miedo de que algo terrible fuera a pasar	2023-07-12 12:02:16.328251+00	1
9	Concentrado/a	2023-07-12 11:23:24.906296+00	1
30	Te has sentido cansado/a o con poca energia	2023-07-12 11:43:53.213433+00	1
24	Soy una buena persona y tengo una buena vida	2023-07-12 11:35:46.341174+00	1
46	No tardo mucho en recuperarme despues de una situacion estresante	2023-07-12 12:09:16.173762+00	1
13	En general, ¿que tan satisfecho/a estas con tus relaciones personales?	2023-07-12 11:25:47.90573+00	1
2	Afectado/a	2023-07-12 11:22:04.505734+00	1
3	Agresivo/a	2023-07-12 11:22:17.320525+00	1
4	Despierto/a	2023-07-12 11:22:28.929094+00	1
5	Avergonzado/a	2023-07-12 11:22:39.560207+00	1
6	Nervioso/a	2023-07-12 11:22:54.785889+00	1
34	¿Te has movido o hablado tan lento que otras personas podrian haberlo notado? O lo contrario - tan inquieto/a o agitado/a que has estado moviendote mucho más de lo normal	2023-07-12 11:46:09.729178+00	1
54	Estado de salud	2023-07-12 16:21:18.68151+00	1
8	Decidido/a	2023-07-12 11:23:13.845125+00	1
33	Has tenido dificultad para concentrarte en ciertas actividades, tales como leer el periodico o ver la television	2023-07-12 11:45:43.120063+00	1
43	Tiendo a recuperarme rapidamente despues de haberlo pasado mal	2023-07-12 12:08:10.82432+00	1
61	Tus situacion financiera	2023-07-12 16:29:00.759316+00	1
60	Tu situacion laboral	2023-07-12 16:28:45.277996+00	1
59	Tus relaciones personales	2023-07-12 16:28:34.211446+00	1
14	En general, ¿que tan satisfecho/a estás con tu situación laboral?	2023-07-12 11:26:04.806297+00	1
26	La gente me respeta	2023-07-12 11:36:08.21167+00	1
72	Mis preocupaciones interfieren en el camino de lo que quiero conseguir	2023-07-12 16:34:16.062907+00	1
29	Has tenido dificultad para quedarte o permanecer dormido/a, o has dormido demasiado	2023-07-12 11:43:19.144286+00	1
55	Situacion laboral actual	2023-07-12 16:22:11.26232+00	1
58	Vacuna	2023-07-12 16:25:09.714214+00	1
57	Ejercicio fisico semanal	2023-07-12 16:24:28.967885+00	1
7	Inspirado/a	2023-07-12 11:23:06.664298+00	1
41	Te has enfadado o irritado fácilmente	2023-07-12 12:01:57.31747+00	1
73	Soy competente y capaz en las tareas que son importantes para mi	2023-07-12 17:12:06.53865+00	1
11	Activo/a	2023-07-12 11:23:43.364701+00	1
64	Tu salud mental	2023-07-12 16:29:34.427959+00	1
66	Mis experiencias y recuerdos dolorosos hacen que me sea dificil vivir la vida que querria	2023-07-12 16:32:30.798983+00	1
68	Me preocupa no ser capaz de controlar mis preocupaciones y sentimientos	2023-07-12 16:33:07.421081+00	1
21	Mis relaciones sociales son gratificantes y me ofrecen el apoyo que necesito	2023-07-12 11:34:54.755219+00	1
51	¿Como definirias tu nivel de energía?	2023-07-12 16:08:06.927556+00	1
31	Has tenido falta de apetito o has comido en exceso	2023-07-12 11:44:15.168402+00	1
39	Has tenido dificultad para relajarte	2023-07-12 12:01:24.05906+00	1
71	Parece que la mayoria de la gente lleva su vida mejor que yo	2023-07-12 16:34:03.665233+00	1
40	Te has sentido tan intranquilo/a que no has podido quedarte quieto/a	2023-07-12 12:01:42.867918+00	1
44	Lo paso mal cuando tengo que enfrentarme a situaciones estresantes	2023-07-12 12:08:36.489957+00	1
56	Efectos de la crisis en tu situacion actual	2023-07-12 16:23:32.720983+00	1
48	Aunque pase por situaciones dificiles, normalmente no lo paso demasiado mal	2023-07-12 12:09:55.829186+00	1
35	Has tenido pensamientos de que estarias mejor muerto/a o de lastimarte de alguna manera	2023-07-12 11:46:27.312116+00	1
53	Desde tu último registro, ¿has vivido alguna situación destacable a nivel emocional?	2023-07-12 16:14:37.982781+00	1
\.


--
-- Data for Name: questions_questionblock; Type: TABLE DATA; Schema: public; Owner: postgres
--

COPY public.questions_questionblock (id, block, active, frecuency, importance, "time", days, "create", creator_id, duration, operating) FROM stdin;
175	Bloque COVID-19	t	W	2	13:35:00	tue	2023-10-31 10:47:23.170035+00	1	1	f
176	Bloque Flourishing	t	O	2	13:35:00	tue	2023-10-31 10:47:30.04363+00	1	60	f
138	Bloque PHQ-9	f	O	3	10:48:10	mon	2023-10-26 10:46:15.639919+00	1	60	f
105	Bloque Satisfaccion semanal	f	W	2	10:41:00	mon	2023-10-16 08:39:53+00	1	60	f
160	Bloque AAQ-II	t	O	2	17:30:10	thu	2023-10-26 15:29:17.476123+00	1	60	t
136	Bloque PANAS	f	O	2	12:49:00	thu	2023-10-26 10:45:38.692246+00	1	60	t
161	Bloque GAD-7	t	O	1	17:32:00	thu	2023-10-26 15:31:10.086393+00	1	2	t
7	Bloque BRS	f	O	1	07:18:10	mon	2023-10-10 11:06:06.202487+00	1	60	f
172	Bloque Diario	t	D	1	13:40:00	thu	2023-10-31 10:44:13.305388+00	1	60	f
174	Bloque Satisfaccion	f	D	1	12:20:00	fri	2023-10-31 10:45:05.320047+00	1	2	f
\.


--
-- Data for Name: questions_questionblock_context; Type: TABLE DATA; Schema: public; Owner: postgres
--

COPY public.questions_questionblock_context (id, questionblock_id, context_id) FROM stdin;
175	138	5
228	174	3
230	175	9
231	176	4
7	7	7
123	105	10
210	160	11
211	161	6
225	172	8
226	172	3
173	136	2
\.


--
-- Data for Name: questions_questionblock_question; Type: TABLE DATA; Schema: public; Owner: postgres
--

COPY public.questions_questionblock_question (id, questionblock_id, question_id) FROM stdin;
1345	161	42
1346	161	41
1347	161	40
1348	161	39
1349	161	38
1350	161	37
1351	161	36
1091	105	65
1092	105	64
1093	105	63
1094	105	62
1095	105	61
1096	105	60
1097	105	59
1413	174	19
1414	174	18
1213	136	11
1214	136	10
1215	136	9
1216	136	8
1217	136	7
1218	136	6
1415	174	17
1219	136	5
1220	136	4
1221	136	3
1222	136	2
1416	174	16
1417	174	15
1418	174	14
1419	174	13
1420	174	12
1426	175	58
1427	175	57
1428	175	56
1231	138	35
1232	138	34
1233	138	33
1234	138	32
1235	138	31
1236	138	30
1237	138	29
1238	138	28
1239	138	27
1429	175	55
1430	175	54
1431	176	73
1432	176	26
1433	176	25
1434	176	24
1435	176	23
1436	176	22
1437	176	21
1438	176	20
1402	172	52
1403	172	51
1404	172	50
773	7	43
774	7	44
775	7	47
776	7	48
777	7	49
1338	160	72
1339	160	71
1340	160	70
1341	160	69
1342	160	68
1343	160	67
1344	160	66
\.


--
-- Data for Name: usuarios_suscriber; Type: TABLE DATA; Schema: public; Owner: postgres
--

COPY public.usuarios_suscriber (id, chatid, name, surname, username, gender) FROM stdin;
1	1625678526	Juan	Del Rio	Juanitodrg22	
34	581798808	Jesús	Rojas	jrojas_14	
35	986335169	Francisco	Martín Rojas	\N	
36	4871018	Alfonso	O	Alfonsomoru	
\.


--
-- Data for Name: usuarios_user; Type: TABLE DATA; Schema: public; Owner: postgres
--

COPY public.usuarios_user (id, password, last_login, username, email, is_staff, is_superuser) FROM stdin;
3	pbkdf2_sha256$390000$wfSYZOL0rJfSth7cb0D7Im$Z5glP2mUKTiupqtrsCGEkcnpp2c+Qy4hClhu/VtQ+sY=	2023-10-31 10:05:14.571216+00	juanito2	jgomezdrg@gmail.com	t	t
7	pbkdf2_sha256$390000$0CzMwNn1OaPjdwtBWGm3p1$zPYga8bHHUrMQVenSRDvswKAu3Jqx9R97vej5rCrVv8=	2023-10-10 15:27:01.927123+00	admin	juanitodrg@gmail.com	t	t
1	pbkdf2_sha256$390000$u0ehXU6sBux68LqmwMmVNl$8ddeUnfVogTiaOcGbHNbP3MKH6Azzi8TBKB/lAj2K7c=	2023-08-02 15:31:08.522703+00	juanito	juanito@gmail.com	t	t
5	pbkdf2_sha256$390000$lvpW2C1dJOJWW8zBOWDMX1$SKmf4yFIssguWMitoazuJ7cHp8MTZh1o369UvD+GtLw=	\N	juanito224	jasldf@gmail.com	t	t
2	pbkdf2_sha256$390000$qT8Mm1Aig5m7cSX2aQo9WR$Si7B8wWwQYZjvhpUF2Avh0FF2I7NOlqMyiO28WcHRT8=	2023-09-06 17:51:57.241085+00	juanito22	juanitodrg@correo.ugr.es	t	t
6	pbkdf2_sha256$390000$85yAZvWeeLjIgRGEp1wJUG$XDOjPow/Wbhyca/RkxbK5pzto9CHkNZJh5vYje++vzw=	2023-09-06 17:55:54.953254+00	pepillo22	pepillo@gmail.com	t	t
\.


--
-- Data for Name: usuarios_user_groups; Type: TABLE DATA; Schema: public; Owner: postgres
--

COPY public.usuarios_user_groups (id, user_id, group_id) FROM stdin;
\.


--
-- Data for Name: usuarios_user_user_permissions; Type: TABLE DATA; Schema: public; Owner: postgres
--

COPY public.usuarios_user_user_permissions (id, user_id, permission_id) FROM stdin;
\.


--
-- Name: answers_answer_id_seq; Type: SEQUENCE SET; Schema: public; Owner: postgres
--

SELECT pg_catalog.setval('public.answers_answer_id_seq', 1040, true);


--
-- Name: auth_group_id_seq; Type: SEQUENCE SET; Schema: public; Owner: postgres
--

SELECT pg_catalog.setval('public.auth_group_id_seq', 1, false);


--
-- Name: auth_group_permissions_id_seq; Type: SEQUENCE SET; Schema: public; Owner: postgres
--

SELECT pg_catalog.setval('public.auth_group_permissions_id_seq', 1, false);


--
-- Name: auth_permission_id_seq; Type: SEQUENCE SET; Schema: public; Owner: postgres
--

SELECT pg_catalog.setval('public.auth_permission_id_seq', 52, true);


--
-- Name: contexts_context_id_seq; Type: SEQUENCE SET; Schema: public; Owner: postgres
--

SELECT pg_catalog.setval('public.contexts_context_id_seq', 24, true);


--
-- Name: contexts_message_id_seq; Type: SEQUENCE SET; Schema: public; Owner: postgres
--

SELECT pg_catalog.setval('public.contexts_message_id_seq', 184, true);


--
-- Name: django_admin_log_id_seq; Type: SEQUENCE SET; Schema: public; Owner: postgres
--

SELECT pg_catalog.setval('public.django_admin_log_id_seq', 898, true);


--
-- Name: django_content_type_id_seq; Type: SEQUENCE SET; Schema: public; Owner: postgres
--

SELECT pg_catalog.setval('public.django_content_type_id_seq', 13, true);


--
-- Name: django_migrations_id_seq; Type: SEQUENCE SET; Schema: public; Owner: postgres
--

SELECT pg_catalog.setval('public.django_migrations_id_seq', 44, true);


--
-- Name: questions_posibleanswers_id_seq; Type: SEQUENCE SET; Schema: public; Owner: postgres
--

SELECT pg_catalog.setval('public.questions_posibleanswers_id_seq', 588, true);


--
-- Name: questions_question_id_seq; Type: SEQUENCE SET; Schema: public; Owner: postgres
--

SELECT pg_catalog.setval('public.questions_question_id_seq', 103, true);


--
-- Name: questions_questionblock_context_id_seq; Type: SEQUENCE SET; Schema: public; Owner: postgres
--

SELECT pg_catalog.setval('public.questions_questionblock_context_id_seq', 231, true);


--
-- Name: questions_questionblock_id_seq; Type: SEQUENCE SET; Schema: public; Owner: postgres
--

SELECT pg_catalog.setval('public.questions_questionblock_id_seq', 176, true);


--
-- Name: questions_questionblock_question_id_seq; Type: SEQUENCE SET; Schema: public; Owner: postgres
--

SELECT pg_catalog.setval('public.questions_questionblock_question_id_seq', 1438, true);


--
-- Name: usuarios_suscriber_id_seq; Type: SEQUENCE SET; Schema: public; Owner: postgres
--

SELECT pg_catalog.setval('public.usuarios_suscriber_id_seq', 36, true);


--
-- Name: usuarios_user_groups_id_seq; Type: SEQUENCE SET; Schema: public; Owner: postgres
--

SELECT pg_catalog.setval('public.usuarios_user_groups_id_seq', 1, false);


--
-- Name: usuarios_user_id_seq; Type: SEQUENCE SET; Schema: public; Owner: postgres
--

SELECT pg_catalog.setval('public.usuarios_user_id_seq', 7, true);


--
-- Name: usuarios_user_user_permissions_id_seq; Type: SEQUENCE SET; Schema: public; Owner: postgres
--

SELECT pg_catalog.setval('public.usuarios_user_user_permissions_id_seq', 1, false);


--
-- Name: answers_answer answers_answer_pkey; Type: CONSTRAINT; Schema: public; Owner: postgres
--

ALTER TABLE ONLY public.answers_answer
    ADD CONSTRAINT answers_answer_pkey PRIMARY KEY (id);


--
-- Name: auth_group auth_group_name_key; Type: CONSTRAINT; Schema: public; Owner: postgres
--

ALTER TABLE ONLY public.auth_group
    ADD CONSTRAINT auth_group_name_key UNIQUE (name);


--
-- Name: auth_group_permissions auth_group_permissions_group_id_permission_id_0cd325b0_uniq; Type: CONSTRAINT; Schema: public; Owner: postgres
--

ALTER TABLE ONLY public.auth_group_permissions
    ADD CONSTRAINT auth_group_permissions_group_id_permission_id_0cd325b0_uniq UNIQUE (group_id, permission_id);


--
-- Name: auth_group_permissions auth_group_permissions_pkey; Type: CONSTRAINT; Schema: public; Owner: postgres
--

ALTER TABLE ONLY public.auth_group_permissions
    ADD CONSTRAINT auth_group_permissions_pkey PRIMARY KEY (id);


--
-- Name: auth_group auth_group_pkey; Type: CONSTRAINT; Schema: public; Owner: postgres
--

ALTER TABLE ONLY public.auth_group
    ADD CONSTRAINT auth_group_pkey PRIMARY KEY (id);


--
-- Name: auth_permission auth_permission_content_type_id_codename_01ab375a_uniq; Type: CONSTRAINT; Schema: public; Owner: postgres
--

ALTER TABLE ONLY public.auth_permission
    ADD CONSTRAINT auth_permission_content_type_id_codename_01ab375a_uniq UNIQUE (content_type_id, codename);


--
-- Name: auth_permission auth_permission_pkey; Type: CONSTRAINT; Schema: public; Owner: postgres
--

ALTER TABLE ONLY public.auth_permission
    ADD CONSTRAINT auth_permission_pkey PRIMARY KEY (id);


--
-- Name: contexts_context contexts_context_pkey; Type: CONSTRAINT; Schema: public; Owner: postgres
--

ALTER TABLE ONLY public.contexts_context
    ADD CONSTRAINT contexts_context_pkey PRIMARY KEY (id);


--
-- Name: contexts_message contexts_message_pkey; Type: CONSTRAINT; Schema: public; Owner: postgres
--

ALTER TABLE ONLY public.contexts_message
    ADD CONSTRAINT contexts_message_pkey PRIMARY KEY (id);


--
-- Name: django_admin_log django_admin_log_pkey; Type: CONSTRAINT; Schema: public; Owner: postgres
--

ALTER TABLE ONLY public.django_admin_log
    ADD CONSTRAINT django_admin_log_pkey PRIMARY KEY (id);


--
-- Name: django_content_type django_content_type_app_label_model_76bd3d3b_uniq; Type: CONSTRAINT; Schema: public; Owner: postgres
--

ALTER TABLE ONLY public.django_content_type
    ADD CONSTRAINT django_content_type_app_label_model_76bd3d3b_uniq UNIQUE (app_label, model);


--
-- Name: django_content_type django_content_type_pkey; Type: CONSTRAINT; Schema: public; Owner: postgres
--

ALTER TABLE ONLY public.django_content_type
    ADD CONSTRAINT django_content_type_pkey PRIMARY KEY (id);


--
-- Name: django_migrations django_migrations_pkey; Type: CONSTRAINT; Schema: public; Owner: postgres
--

ALTER TABLE ONLY public.django_migrations
    ADD CONSTRAINT django_migrations_pkey PRIMARY KEY (id);


--
-- Name: django_session django_session_pkey; Type: CONSTRAINT; Schema: public; Owner: postgres
--

ALTER TABLE ONLY public.django_session
    ADD CONSTRAINT django_session_pkey PRIMARY KEY (session_key);


--
-- Name: questions_posibleanswers questions_posibleanswers_pkey; Type: CONSTRAINT; Schema: public; Owner: postgres
--

ALTER TABLE ONLY public.questions_posibleanswers
    ADD CONSTRAINT questions_posibleanswers_pkey PRIMARY KEY (id);


--
-- Name: questions_question questions_question_pkey; Type: CONSTRAINT; Schema: public; Owner: postgres
--

ALTER TABLE ONLY public.questions_question
    ADD CONSTRAINT questions_question_pkey PRIMARY KEY (id);


--
-- Name: questions_questionblock_context questions_questionblock__questionblock_id_context_f95499be_uniq; Type: CONSTRAINT; Schema: public; Owner: postgres
--

ALTER TABLE ONLY public.questions_questionblock_context
    ADD CONSTRAINT questions_questionblock__questionblock_id_context_f95499be_uniq UNIQUE (questionblock_id, context_id);


--
-- Name: questions_questionblock_question questions_questionblock__questionblock_id_questio_b844d91b_uniq; Type: CONSTRAINT; Schema: public; Owner: postgres
--

ALTER TABLE ONLY public.questions_questionblock_question
    ADD CONSTRAINT questions_questionblock__questionblock_id_questio_b844d91b_uniq UNIQUE (questionblock_id, question_id);


--
-- Name: questions_questionblock_context questions_questionblock_context_pkey; Type: CONSTRAINT; Schema: public; Owner: postgres
--

ALTER TABLE ONLY public.questions_questionblock_context
    ADD CONSTRAINT questions_questionblock_context_pkey PRIMARY KEY (id);


--
-- Name: questions_questionblock questions_questionblock_pkey; Type: CONSTRAINT; Schema: public; Owner: postgres
--

ALTER TABLE ONLY public.questions_questionblock
    ADD CONSTRAINT questions_questionblock_pkey PRIMARY KEY (id);


--
-- Name: questions_questionblock_question questions_questionblock_question_pkey; Type: CONSTRAINT; Schema: public; Owner: postgres
--

ALTER TABLE ONLY public.questions_questionblock_question
    ADD CONSTRAINT questions_questionblock_question_pkey PRIMARY KEY (id);


--
-- Name: usuarios_suscriber usuarios_suscriber_pkey; Type: CONSTRAINT; Schema: public; Owner: postgres
--

ALTER TABLE ONLY public.usuarios_suscriber
    ADD CONSTRAINT usuarios_suscriber_pkey PRIMARY KEY (id);


--
-- Name: usuarios_user_groups usuarios_user_groups_pkey; Type: CONSTRAINT; Schema: public; Owner: postgres
--

ALTER TABLE ONLY public.usuarios_user_groups
    ADD CONSTRAINT usuarios_user_groups_pkey PRIMARY KEY (id);


--
-- Name: usuarios_user_groups usuarios_user_groups_user_id_group_id_7ca6624e_uniq; Type: CONSTRAINT; Schema: public; Owner: postgres
--

ALTER TABLE ONLY public.usuarios_user_groups
    ADD CONSTRAINT usuarios_user_groups_user_id_group_id_7ca6624e_uniq UNIQUE (user_id, group_id);


--
-- Name: usuarios_user usuarios_user_pkey; Type: CONSTRAINT; Schema: public; Owner: postgres
--

ALTER TABLE ONLY public.usuarios_user
    ADD CONSTRAINT usuarios_user_pkey PRIMARY KEY (id);


--
-- Name: usuarios_user_user_permissions usuarios_user_user_permi_user_id_permission_id_801d2da9_uniq; Type: CONSTRAINT; Schema: public; Owner: postgres
--

ALTER TABLE ONLY public.usuarios_user_user_permissions
    ADD CONSTRAINT usuarios_user_user_permi_user_id_permission_id_801d2da9_uniq UNIQUE (user_id, permission_id);


--
-- Name: usuarios_user_user_permissions usuarios_user_user_permissions_pkey; Type: CONSTRAINT; Schema: public; Owner: postgres
--

ALTER TABLE ONLY public.usuarios_user_user_permissions
    ADD CONSTRAINT usuarios_user_user_permissions_pkey PRIMARY KEY (id);


--
-- Name: usuarios_user usuarios_user_username_key; Type: CONSTRAINT; Schema: public; Owner: postgres
--

ALTER TABLE ONLY public.usuarios_user
    ADD CONSTRAINT usuarios_user_username_key UNIQUE (username);


--
-- Name: answers_answer_block_id_def2b80e; Type: INDEX; Schema: public; Owner: postgres
--

CREATE INDEX answers_answer_block_id_def2b80e ON public.answers_answer USING btree (block_id);


--
-- Name: answers_answer_question_id_dd3daf1a; Type: INDEX; Schema: public; Owner: postgres
--

CREATE INDEX answers_answer_question_id_dd3daf1a ON public.answers_answer USING btree (question_id);


--
-- Name: answers_answer_suscriber_id_3e4aa899; Type: INDEX; Schema: public; Owner: postgres
--

CREATE INDEX answers_answer_suscriber_id_3e4aa899 ON public.answers_answer USING btree (suscriber_id);


--
-- Name: auth_group_name_a6ea08ec_like; Type: INDEX; Schema: public; Owner: postgres
--

CREATE INDEX auth_group_name_a6ea08ec_like ON public.auth_group USING btree (name varchar_pattern_ops);


--
-- Name: auth_group_permissions_group_id_b120cbf9; Type: INDEX; Schema: public; Owner: postgres
--

CREATE INDEX auth_group_permissions_group_id_b120cbf9 ON public.auth_group_permissions USING btree (group_id);


--
-- Name: auth_group_permissions_permission_id_84c5c92e; Type: INDEX; Schema: public; Owner: postgres
--

CREATE INDEX auth_group_permissions_permission_id_84c5c92e ON public.auth_group_permissions USING btree (permission_id);


--
-- Name: auth_permission_content_type_id_2f476e4b; Type: INDEX; Schema: public; Owner: postgres
--

CREATE INDEX auth_permission_content_type_id_2f476e4b ON public.auth_permission USING btree (content_type_id);


--
-- Name: contexts_message_context_id_c75fe7dc; Type: INDEX; Schema: public; Owner: postgres
--

CREATE INDEX contexts_message_context_id_c75fe7dc ON public.contexts_message USING btree (context_id);


--
-- Name: django_admin_log_content_type_id_c4bce8eb; Type: INDEX; Schema: public; Owner: postgres
--

CREATE INDEX django_admin_log_content_type_id_c4bce8eb ON public.django_admin_log USING btree (content_type_id);


--
-- Name: django_admin_log_user_id_c564eba6; Type: INDEX; Schema: public; Owner: postgres
--

CREATE INDEX django_admin_log_user_id_c564eba6 ON public.django_admin_log USING btree (user_id);


--
-- Name: django_session_expire_date_a5c62663; Type: INDEX; Schema: public; Owner: postgres
--

CREATE INDEX django_session_expire_date_a5c62663 ON public.django_session USING btree (expire_date);


--
-- Name: django_session_session_key_c0390e0f_like; Type: INDEX; Schema: public; Owner: postgres
--

CREATE INDEX django_session_session_key_c0390e0f_like ON public.django_session USING btree (session_key varchar_pattern_ops);


--
-- Name: questions_posibleanswers_question_id_2b786c64; Type: INDEX; Schema: public; Owner: postgres
--

CREATE INDEX questions_posibleanswers_question_id_2b786c64 ON public.questions_posibleanswers USING btree (question_id);


--
-- Name: questions_question_creator_id_67567768; Type: INDEX; Schema: public; Owner: postgres
--

CREATE INDEX questions_question_creator_id_67567768 ON public.questions_question USING btree (creator_id);


--
-- Name: questions_questionblock_context_context_id_fd8dedcc; Type: INDEX; Schema: public; Owner: postgres
--

CREATE INDEX questions_questionblock_context_context_id_fd8dedcc ON public.questions_questionblock_context USING btree (context_id);


--
-- Name: questions_questionblock_context_questionblock_id_78179331; Type: INDEX; Schema: public; Owner: postgres
--

CREATE INDEX questions_questionblock_context_questionblock_id_78179331 ON public.questions_questionblock_context USING btree (questionblock_id);


--
-- Name: questions_questionblock_creator_id_eab19c5c; Type: INDEX; Schema: public; Owner: postgres
--

CREATE INDEX questions_questionblock_creator_id_eab19c5c ON public.questions_questionblock USING btree (creator_id);


--
-- Name: questions_questionblock_question_question_id_9c58bda4; Type: INDEX; Schema: public; Owner: postgres
--

CREATE INDEX questions_questionblock_question_question_id_9c58bda4 ON public.questions_questionblock_question USING btree (question_id);


--
-- Name: questions_questionblock_question_questionblock_id_9077002d; Type: INDEX; Schema: public; Owner: postgres
--

CREATE INDEX questions_questionblock_question_questionblock_id_9077002d ON public.questions_questionblock_question USING btree (questionblock_id);


--
-- Name: usuarios_user_groups_group_id_ce48ebfd; Type: INDEX; Schema: public; Owner: postgres
--

CREATE INDEX usuarios_user_groups_group_id_ce48ebfd ON public.usuarios_user_groups USING btree (group_id);


--
-- Name: usuarios_user_groups_user_id_327741ca; Type: INDEX; Schema: public; Owner: postgres
--

CREATE INDEX usuarios_user_groups_user_id_327741ca ON public.usuarios_user_groups USING btree (user_id);


--
-- Name: usuarios_user_user_permissions_permission_id_32dd035e; Type: INDEX; Schema: public; Owner: postgres
--

CREATE INDEX usuarios_user_user_permissions_permission_id_32dd035e ON public.usuarios_user_user_permissions USING btree (permission_id);


--
-- Name: usuarios_user_user_permissions_user_id_6770e840; Type: INDEX; Schema: public; Owner: postgres
--

CREATE INDEX usuarios_user_user_permissions_user_id_6770e840 ON public.usuarios_user_user_permissions USING btree (user_id);


--
-- Name: usuarios_user_username_5ab4f1db_like; Type: INDEX; Schema: public; Owner: postgres
--

CREATE INDEX usuarios_user_username_5ab4f1db_like ON public.usuarios_user USING btree (username varchar_pattern_ops);


--
-- Name: answers_answer answers_answer_block_id_def2b80e_fk_questions_questionblock_id; Type: FK CONSTRAINT; Schema: public; Owner: postgres
--

ALTER TABLE ONLY public.answers_answer
    ADD CONSTRAINT answers_answer_block_id_def2b80e_fk_questions_questionblock_id FOREIGN KEY (block_id) REFERENCES public.questions_questionblock(id) DEFERRABLE INITIALLY DEFERRED;


--
-- Name: answers_answer answers_answer_question_id_dd3daf1a_fk_questions_question_id; Type: FK CONSTRAINT; Schema: public; Owner: postgres
--

ALTER TABLE ONLY public.answers_answer
    ADD CONSTRAINT answers_answer_question_id_dd3daf1a_fk_questions_question_id FOREIGN KEY (question_id) REFERENCES public.questions_question(id) DEFERRABLE INITIALLY DEFERRED;


--
-- Name: answers_answer answers_answer_suscriber_id_3e4aa899_fk_usuarios_suscriber_id; Type: FK CONSTRAINT; Schema: public; Owner: postgres
--

ALTER TABLE ONLY public.answers_answer
    ADD CONSTRAINT answers_answer_suscriber_id_3e4aa899_fk_usuarios_suscriber_id FOREIGN KEY (suscriber_id) REFERENCES public.usuarios_suscriber(id) DEFERRABLE INITIALLY DEFERRED;


--
-- Name: auth_group_permissions auth_group_permissio_permission_id_84c5c92e_fk_auth_perm; Type: FK CONSTRAINT; Schema: public; Owner: postgres
--

ALTER TABLE ONLY public.auth_group_permissions
    ADD CONSTRAINT auth_group_permissio_permission_id_84c5c92e_fk_auth_perm FOREIGN KEY (permission_id) REFERENCES public.auth_permission(id) DEFERRABLE INITIALLY DEFERRED;


--
-- Name: auth_group_permissions auth_group_permissions_group_id_b120cbf9_fk_auth_group_id; Type: FK CONSTRAINT; Schema: public; Owner: postgres
--

ALTER TABLE ONLY public.auth_group_permissions
    ADD CONSTRAINT auth_group_permissions_group_id_b120cbf9_fk_auth_group_id FOREIGN KEY (group_id) REFERENCES public.auth_group(id) DEFERRABLE INITIALLY DEFERRED;


--
-- Name: auth_permission auth_permission_content_type_id_2f476e4b_fk_django_co; Type: FK CONSTRAINT; Schema: public; Owner: postgres
--

ALTER TABLE ONLY public.auth_permission
    ADD CONSTRAINT auth_permission_content_type_id_2f476e4b_fk_django_co FOREIGN KEY (content_type_id) REFERENCES public.django_content_type(id) DEFERRABLE INITIALLY DEFERRED;


--
-- Name: contexts_message contexts_message_context_id_c75fe7dc_fk_contexts_context_id; Type: FK CONSTRAINT; Schema: public; Owner: postgres
--

ALTER TABLE ONLY public.contexts_message
    ADD CONSTRAINT contexts_message_context_id_c75fe7dc_fk_contexts_context_id FOREIGN KEY (context_id) REFERENCES public.contexts_context(id) DEFERRABLE INITIALLY DEFERRED;


--
-- Name: django_admin_log django_admin_log_content_type_id_c4bce8eb_fk_django_co; Type: FK CONSTRAINT; Schema: public; Owner: postgres
--

ALTER TABLE ONLY public.django_admin_log
    ADD CONSTRAINT django_admin_log_content_type_id_c4bce8eb_fk_django_co FOREIGN KEY (content_type_id) REFERENCES public.django_content_type(id) DEFERRABLE INITIALLY DEFERRED;


--
-- Name: django_admin_log django_admin_log_user_id_c564eba6_fk_usuarios_user_id; Type: FK CONSTRAINT; Schema: public; Owner: postgres
--

ALTER TABLE ONLY public.django_admin_log
    ADD CONSTRAINT django_admin_log_user_id_c564eba6_fk_usuarios_user_id FOREIGN KEY (user_id) REFERENCES public.usuarios_user(id) DEFERRABLE INITIALLY DEFERRED;


--
-- Name: questions_posibleanswers questions_posibleans_question_id_2b786c64_fk_questions; Type: FK CONSTRAINT; Schema: public; Owner: postgres
--

ALTER TABLE ONLY public.questions_posibleanswers
    ADD CONSTRAINT questions_posibleans_question_id_2b786c64_fk_questions FOREIGN KEY (question_id) REFERENCES public.questions_question(id) DEFERRABLE INITIALLY DEFERRED;


--
-- Name: questions_question questions_question_creator_id_67567768_fk_usuarios_user_id; Type: FK CONSTRAINT; Schema: public; Owner: postgres
--

ALTER TABLE ONLY public.questions_question
    ADD CONSTRAINT questions_question_creator_id_67567768_fk_usuarios_user_id FOREIGN KEY (creator_id) REFERENCES public.usuarios_user(id) DEFERRABLE INITIALLY DEFERRED;


--
-- Name: questions_questionblock_context questions_questionbl_context_id_fd8dedcc_fk_contexts_; Type: FK CONSTRAINT; Schema: public; Owner: postgres
--

ALTER TABLE ONLY public.questions_questionblock_context
    ADD CONSTRAINT questions_questionbl_context_id_fd8dedcc_fk_contexts_ FOREIGN KEY (context_id) REFERENCES public.contexts_context(id) DEFERRABLE INITIALLY DEFERRED;


--
-- Name: questions_questionblock_question questions_questionbl_question_id_9c58bda4_fk_questions; Type: FK CONSTRAINT; Schema: public; Owner: postgres
--

ALTER TABLE ONLY public.questions_questionblock_question
    ADD CONSTRAINT questions_questionbl_question_id_9c58bda4_fk_questions FOREIGN KEY (question_id) REFERENCES public.questions_question(id) DEFERRABLE INITIALLY DEFERRED;


--
-- Name: questions_questionblock_context questions_questionbl_questionblock_id_78179331_fk_questions; Type: FK CONSTRAINT; Schema: public; Owner: postgres
--

ALTER TABLE ONLY public.questions_questionblock_context
    ADD CONSTRAINT questions_questionbl_questionblock_id_78179331_fk_questions FOREIGN KEY (questionblock_id) REFERENCES public.questions_questionblock(id) DEFERRABLE INITIALLY DEFERRED;


--
-- Name: questions_questionblock_question questions_questionbl_questionblock_id_9077002d_fk_questions; Type: FK CONSTRAINT; Schema: public; Owner: postgres
--

ALTER TABLE ONLY public.questions_questionblock_question
    ADD CONSTRAINT questions_questionbl_questionblock_id_9077002d_fk_questions FOREIGN KEY (questionblock_id) REFERENCES public.questions_questionblock(id) DEFERRABLE INITIALLY DEFERRED;


--
-- Name: questions_questionblock questions_questionblock_creator_id_eab19c5c_fk_usuarios_user_id; Type: FK CONSTRAINT; Schema: public; Owner: postgres
--

ALTER TABLE ONLY public.questions_questionblock
    ADD CONSTRAINT questions_questionblock_creator_id_eab19c5c_fk_usuarios_user_id FOREIGN KEY (creator_id) REFERENCES public.usuarios_user(id) DEFERRABLE INITIALLY DEFERRED;


--
-- Name: usuarios_user_groups usuarios_user_groups_group_id_ce48ebfd_fk_auth_group_id; Type: FK CONSTRAINT; Schema: public; Owner: postgres
--

ALTER TABLE ONLY public.usuarios_user_groups
    ADD CONSTRAINT usuarios_user_groups_group_id_ce48ebfd_fk_auth_group_id FOREIGN KEY (group_id) REFERENCES public.auth_group(id) DEFERRABLE INITIALLY DEFERRED;


--
-- Name: usuarios_user_groups usuarios_user_groups_user_id_327741ca_fk_usuarios_user_id; Type: FK CONSTRAINT; Schema: public; Owner: postgres
--

ALTER TABLE ONLY public.usuarios_user_groups
    ADD CONSTRAINT usuarios_user_groups_user_id_327741ca_fk_usuarios_user_id FOREIGN KEY (user_id) REFERENCES public.usuarios_user(id) DEFERRABLE INITIALLY DEFERRED;


--
-- Name: usuarios_user_user_permissions usuarios_user_user_p_permission_id_32dd035e_fk_auth_perm; Type: FK CONSTRAINT; Schema: public; Owner: postgres
--

ALTER TABLE ONLY public.usuarios_user_user_permissions
    ADD CONSTRAINT usuarios_user_user_p_permission_id_32dd035e_fk_auth_perm FOREIGN KEY (permission_id) REFERENCES public.auth_permission(id) DEFERRABLE INITIALLY DEFERRED;


--
-- Name: usuarios_user_user_permissions usuarios_user_user_p_user_id_6770e840_fk_usuarios_; Type: FK CONSTRAINT; Schema: public; Owner: postgres
--

ALTER TABLE ONLY public.usuarios_user_user_permissions
    ADD CONSTRAINT usuarios_user_user_p_user_id_6770e840_fk_usuarios_ FOREIGN KEY (user_id) REFERENCES public.usuarios_user(id) DEFERRABLE INITIALLY DEFERRED;


--
-- PostgreSQL database dump complete
--

